date,code,name,type,qty,price,pnl,ccy
2024-08-05,NVDA,英伟达,平多,55.0,100.5,123.5,USD
2024-08-05,NVDA,英伟达,平多,50.0,101.4,207.0,USD
2024-08-05,GOOG,谷歌-C,平多,80.0,159.86,4.8,USD
2024-08-05,PYPL,PayPal,平多,80.0,58.9,32.0,USD
2024-08-05,PYPL,PayPal,平多,50.0,58.9,20.0,USD
2024-08-05,PYPL,PayPal,平多,50.0,58.9,20.0,USD
2024-08-05,AMZN,亚马逊,平多,54.0,161.3,92.88,USD
2024-08-05,AMZN,亚马逊,平多,20.0,161.3,34.4,USD
2024-08-05,AMZN,亚马逊,平多,3.0,161.3,5.16,USD
2024-08-05,AMZN,亚马逊,平多,3.0,161.3,5.16,USD
2024-08-05,AMZN,亚马逊,平多,15.0,156.67,-20.25,USD
2024-08-05,NVDA,英伟达,平多,15.0,95.8,-18.15,USD
2024-08-05,NVDA,英伟达,平多,100.0,95.8,-81.25,USD
2024-08-05,NVDA,英伟达,平多,30.0,96.4,11.7,USD
2024-08-05,NVDA,英伟达,平多,120.0,96.4,60.5,USD
2024-08-05,NVDA,英伟达,平多,100.0,96.8,161.28,USD
2024-08-05,NVDA,英伟达,平多,50.0,97.5,135.0,USD
2024-08-05,NVDA,英伟达,平多,50.0,98.3,185.5,USD
2024-08-05,NVDA,英伟达,平多,20.0,99.3,104.0,USD
2024-08-05,NVDA,英伟达,平多,30.0,99.5,162.0,USD
2024-08-05,NVDA,英伟达,平多,25.0,101.0,172.5,USD
2024-08-05,NVDA,英伟达,平多,25.0,103.2,233.5,USD
2024-08-05,01519,极兔速递-W,平多,2000.0,5.91,-140.0,HKD
2024-08-05,AMD,美国超微公司,平空,116.0,134.7,-27.2,USD
2024-08-05,AMD,美国超微公司,平空,6.0,134.7,4.8,USD
2024-08-06,AMD,美国超微公司,平空,13.0,136.8,-16.9,USD
2024-08-06,AMD,美国超微公司,平空,19.0,136.8,-24.7,USD
2024-08-06,AMD,美国超微公司,平空,68.0,136.8,-46.4,USD
2024-08-06,AMD,美国超微公司,平空,19.0,136.4,1.9,USD
2024-08-06,AMD,美国超微公司,平空,81.0,136.4,104.9,USD
2024-08-06,AMD,美国超微公司,平空,50.0,134.8,180.0,USD
2024-08-06,AMD,美国超微公司,平空,50.0,135.1,180.62,USD
2024-08-06,AMD,美国超微公司,平空,50.0,132.7,271.0,USD
2024-08-06,AMD,美国超微公司,平空,50.0,132.5,281.0,USD
2024-08-06,AMD,美国超微公司,平空,40.0,132.5,32.0,USD
2024-08-06,AMD,美国超微公司,平空,10.0,132.5,8.0,USD
2024-08-06,ASML,阿斯麦,平空,46.0,842.0,234.0,USD
2024-08-07,ASML,阿斯麦,平空,20.0,870.0,-194.0,USD
2024-08-07,ASML,阿斯麦,平空,5.0,863.0,70.0,USD
2024-08-07,AMD,美国超微公司,平空,30.0,132.1,102.0,USD
2024-08-08,NVDA,英伟达,平多,225.0,104.4,87.75,USD
2024-08-08,NVDA,英伟达,平多,150.0,104.7,103.5,USD
2024-08-08,NVDA,英伟达,平多,150.0,104.9,186.04,USD
2024-08-08,NVDA,英伟达,平多,25.0,105.3,46.21,USD
2024-08-09,NVDA,英伟达,平多,20.0,106.4,70.0,USD
2024-08-09,AMD,美国超微公司,平空,10.0,134.7,34.0,USD
2024-08-12,NVDA,英伟达,平多,10.0,108.7,46.5,USD
2024-08-12,NVDA,英伟达,平多,10.0,109.0,43.5,USD
2024-08-12,SQ,Block,平多,100.0,61.1,60.0,USD
2024-08-12,NVDA,英伟达,平多,10.0,109.4,56.0,USD
2024-08-12,NVDA,英伟达,平多,10.0,110.0,61.0,USD
2024-08-12,NVDA,英伟达,平多,5.0,110.8,32.5,USD
2024-08-12,AMD,美国超微公司,平空,10.0,137.3496,2.5,USD
2024-08-12,SBUX,星巴克,平空,50.0,77.4,35.0,USD
2024-08-12,MU,美光科技,平空,100.0,95.0,60.0,USD
2024-08-12,MU,美光科技,平空,100.0,94.8,120.0,USD
2024-08-12,SBUX,星巴克,平空,50.0,76.7,70.0,USD
2024-08-12,MU,美光科技,平空,100.0,94.3,195.0,USD
2024-08-13,NVDA,英伟达,平多,5.0,111.18,34.4,USD
2024-08-13,MU,美光科技,平空,100.0,96.35,5.0,USD
2024-08-13,NVDA,英伟达,平空,40.0,113.0,-21.0,USD
2024-08-27,SBUX,星巴克,平空,25.0,98.47,-329.25,USD
2024-08-27,SBUX,星巴克,平空,26.0,98.48,-341.68,USD
2024-08-27,SBUX,星巴克,平空,2.0,98.47,-24.34,USD
2024-08-27,SBUX,星巴克,平空,1.0,98.47,-12.17,USD
2024-08-27,SBUX,星巴克,平空,1.0,98.47,-12.17,USD
2024-09-13,SBUX,星巴克,平空,7.0,98.8075,-87.55,USD
2024-11-01,SBUX,星巴克,平空,8.0,98.89,-100.72,USD
2024-11-11,SBUX,星巴克,平空,30.0,99.7995,-404.98,USD
2024-11-22,SBUX,星巴克,平空,55.0,101.8988,-830.43,USD
2024-11-22,SBUX,星巴克,平空,7.0,102.1999,-107.8,USD
2024-11-25,SBUX,星巴克,平空,23.0,103.262,-378.63,USD
2025-01-21,SBUX,星巴克,平空,36.0,96.65,-342.0,USD
2025-01-21,SBUX,星巴克,平空,31.0,97.8,-322.4,USD
2025-01-24,SBUX,星巴克,平空,29.0,98.9181,-334.02,USD
2025-01-27,SBUX,星巴克,平空,7.0,99.2559,-82.99,USD
2025-01-29,SBUX,星巴克,平空,153.0,106.0046,-2709.1,USD
2025-01-29,SBUX,星巴克,平空,42.0,108.7373,-837.37,USD
2025-02-04,SBUX,星巴克,平空,20.0,111.0198,-442.0,USD
2025-02-04,SBUX,星巴克,平空,14.0,111.0198,-299.88,USD
2025-02-04,SBUX,星巴克,平空,3.0,111.0198,-64.26,USD
2025-02-07,SBUX,星巴克,平空,13.0,112.07,-292.11,USD
2025-02-14,SBUX,星巴克,平空,4.0,112.485,-91.54,USD
2025-02-24,SBUX,星巴克,平空,4.0,112.86,-93.04,USD
2025-02-27,SBUX,星巴克,平空,31.0,115.5873,-799.01,USD
2025-02-28,SBUX,星巴克,平空,4.0,116.0098,-104.44,USD
2025-03-03,SBUX,星巴克,平空,8.0,116.3194,-211.36,USD
2025-03-03,SBUX,星巴克,平空,5.0,116.8757,-134.88,USD
2025-03-24,SBUX,星巴克,平空,96.0,97.0,-674.1,USD
2025-03-24,SBUX,星巴克,平空,50.0,96.6,-362.2,USD
2025-03-24,SBUX,星巴克,平空,16.0,96.5,-125.44,USD
2025-03-24,SBUX,星巴克,平空,34.0,96.5,-266.56,USD
2025-03-25,01519,极兔速递-W,平空,6000.0,5.48,2580.0,HKD
2025-04-03,SBUX,星巴克,平空,100.0,88.2,503.0,USD
2025-04-04,SBUX,星巴克,平空,50.0,87.91,517.0,USD
2025-04-04,SBUX,星巴克,平空,4.0,87.95,45.0,USD
2025-04-04,SBUX,星巴克,平空,45.0,87.05,546.75,USD
2025-04-04,GOOG,谷歌-C,平多,50.0,150.14,-73.0,USD
2025-04-04,MU,美光科技,平多,41.0,70.5,-226.32,USD
2025-04-04,MU,美光科技,平多,100.0,70.5,-552.0,USD
2025-04-04,MU,美光科技,平多,100.0,70.5,-422.03,USD
2025-04-04,MU,美光科技,平多,7.0,70.5,-16.45,USD
2025-04-04,MU,美光科技,平多,59.0,70.5,-89.35,USD
2025-04-04,MU,美光科技,平多,13.0,70.5,-19.5,USD
2025-04-04,MU,美光科技,平多,18.0,70.5,-27.0,USD
2025-04-04,SBUX,星巴克,平空,1.0,83.3,15.9,USD
2025-04-04,NVDA,英伟达,平多,51.0,96.7,-35.1,USD
2025-04-04,NVDA,英伟达,平多,49.0,96.7,-4.9,USD
2025-04-04,NVDA,英伟达,平多,50.0,97.5903,79.01,USD
2025-04-04,NVDA,英伟达,平多,25.0,98.2006,67.51,USD
2025-04-04,XYZ,Block,平多,100.0,50.0,60.0,USD
2025-04-04,XYZ,Block,平多,50.0,50.3,52.5,USD
2025-04-04,XYZ,Block,平多,150.0,47.94,-181.5,USD
2025-04-04,MU,美光科技,平多,50.0,66.4,20.0,USD
2025-04-04,NVDA,英伟达,平多,100.0,95.2,-30.0,USD
2025-04-04,NVDA,英伟达,平多,25.0,96.0,67.5,USD
2025-04-04,NVDA,英伟达,平多,50.0,92.61,-46.88,USD
2025-04-07,XYZ,Block,平多,20.0,46.28,3.4,USD
2025-04-07,XYZ,Block,平多,30.0,46.27,4.8,USD
2025-04-07,NVDA,英伟达,平多,80.0,89.01,-18.0,USD
2025-04-07,01519,极兔速递-W,平空,2000.0,4.83,2160.0,HKD
2025-04-07,NVDA,英伟达,平多,50.0,98.0,611.8,USD
2025-04-07,01519,极兔速递-W,平多,2000.0,4.78,-100.0,HKD
2025-04-08,NVDA,英伟达,平多,25.0,100.2,367.95,USD
2025-04-08,NVDA,英伟达,平多,25.0,101.38,409.25,USD
2025-04-08,AVGO,博通,平空,221.0,162.2,85.2,USD
2025-04-09,XYZ,Block,平多,20.0,47.65,-43.0,USD
2025-04-09,XYZ,Block,平多,1.0,47.56,-2.24,USD
2025-04-09,XYZ,Block,平多,2.0,47.56,-4.48,USD
2025-04-09,XYZ,Block,平多,27.0,47.55,-60.75,USD
2025-04-09,TLT,20+年以上美国国债ETF-iShares,平多,325.0,85.95,22.75,USD
2025-04-09,TLT,20+年以上美国国债ETF-iShares,平多,5.0,86.08,1.0,USD
2025-04-09,TLT,20+年以上美国国债ETF-iShares,平多,3.0,86.08,0.6,USD
2025-04-09,TLT,20+年以上美国国债ETF-iShares,平多,5.0,86.08,1.0,USD
2025-04-09,TLT,20+年以上美国国债ETF-iShares,平多,4.0,86.08,0.8,USD
2025-04-09,TLT,20+年以上美国国债ETF-iShares,平多,133.0,86.08,56.7,USD
2025-04-09,TLT,20+年以上美国国债ETF-iShares,平多,25.0,86.6,45.0,USD
2025-04-09,PDD,拼多多,平多,25.0,97.6,207.5,USD
2025-04-09,PDD,拼多多,平多,25.0,98.0,237.5,USD
2025-04-10,DIS,迪士尼,平空,28.0,89.11,24.36,USD
2025-04-10,DIS,迪士尼,平空,22.0,89.11,19.14,USD
2025-04-10,00981,中芯国际,平空,1000.0,44.2,-1075.0,HKD
2025-04-10,PDD,拼多多,平多,75.0,90.01,-66.75,USD
2025-04-10,TLT,20+年以上美国国债ETF-iShares,平多,25.0,87.0,55.0,USD
2025-04-10,SOXL,三倍做多半导体ETF-Direxion,平多,1000.0,9.85,355.0,USD
2025-04-10,SOXL,三倍做多半导体ETF-Direxion,平多,695.0,9.8,374.0,USD
2025-04-10,00981,中芯国际,平空,1000.0,44.05,200.0,HKD
2025-04-10,00981,中芯国际,平空,1000.0,43.7,2050.0,HKD
2025-04-11,00981,中芯国际,平空,2500.0,46.9,-1650.0,HKD
2025-04-15,SOXL,三倍做多半导体ETF-Direxion,平多,100.0,10.96,176.0,USD
2025-04-17,GLD,黄金ETF-SPDR,平空,85.0,306.0,17.0,USD
2025-04-21,NVDA,英伟达,平多,10.0,99.1,-9.8,USD
2025-04-21,SOXL,三倍做多半导体ETF-Direxion,平多,100.0,8.77,-22.2,USD
2025-04-21,SOXL,三倍做多半导体ETF-Direxion,平多,150.0,8.77,-30.5,USD
2025-04-21,SOXL,三倍做多半导体ETF-Direxion,平多,50.0,8.77,13.5,USD
2025-04-22,NVDA,英伟达,平多,25.0,98.18,12.0,USD
2025-04-22,SOXL,三倍做多半导体ETF-Direxion,平多,100.0,9.24,85.0,USD
2025-04-22,NVDA,英伟达,平多,15.0,99.2,38.0,USD
2025-04-22,SOXL,三倍做多半导体ETF-Direxion,平多,100.0,9.3,107.0,USD
2025-04-23,SQQQ,三倍做空纳指ETF-ProShares,平多,50.0,35.8,93.5,USD
2025-04-25,NVDA,英伟达,平多,10.0,108.2,120.0,USD
2025-04-25,SOXL,三倍做多半导体ETF-Direxion,平多,100.0,12.2,402.0,USD
2025-04-25,NVDA,英伟达,平空,100.0,111.2,-194.9,USD
2025-04-28,SQQQ,三倍做空纳指ETF-ProShares,平多,370.0,32.8,-236.25,USD
2025-04-28,SQQQ,三倍做空纳指ETF-ProShares,平多,300.0,32.9,208.9,USD
2025-04-28,00981,中芯国际,平空,1000.0,45.4,2150.0,HKD
2025-05-04,SQQQ,三倍做空纳指ETF-ProShares,平多,280.0,29.12,-546.8,USD
2025-05-04,SQQQ,三倍做空纳指ETF-ProShares,平多,100.0,29.35,13.5,USD
2025-05-05,SQQQ,三倍做空纳指ETF-ProShares,平多,60.0,29.58,31.0,USD
2025-05-05,SQQQ,三倍做空纳指ETF-ProShares,平多,6.0,29.58,3.36,USD
2025-05-05,SQQQ,三倍做空纳指ETF-ProShares,平多,134.0,29.58,82.24,USD
2025-05-05,SQQQ,三倍做空纳指ETF-ProShares,平多,24.0,29.62,16.68,USD
2025-05-05,SQQQ,三倍做空纳指ETF-ProShares,平多,176.0,29.62,132.32,USD
2025-05-06,SQQQ,三倍做空纳指ETF-ProShares,平多,100.0,29.68,90.6,USD
2025-05-06,SQQQ,三倍做空纳指ETF-ProShares,平多,100.0,29.75,103.8,USD
2025-05-12,SOXS,三倍做空半导体ETF-Direxion,平多,300.0,12.8,91.0,USD
2025-05-13,SQQQ,三倍做空纳指ETF-ProShares,平多,100.0,24.2,-426.0,USD
2025-05-14,SQQQ,三倍做空纳指ETF-ProShares,平多,50.0,23.82,-252.0,USD
2025-07-21,SQQQ,三倍做空纳指ETF-ProShares,平多,15.0,18.52,-155.1,USD
2025-07-21,SQQQ,三倍做空纳指ETF-ProShares,平多,12.0,18.3425,-126.21,USD
2025-07-25,SQQQ,三倍做空纳指ETF-ProShares,平多,11.0,18.1937,-117.33,USD
2025-07-28,SQQQ,三倍做空纳指ETF-ProShares,平多,11.0,18.0132,-119.31,USD
2025-08-08,SQQQ,三倍做空纳指ETF-ProShares,平多,40.0,17.5003,-475.45,USD
2025-08-15,SQQQ,三倍做空纳指ETF-ProShares,平多,13.0,17.3001,-157.3,USD
2025-09-08,SQQQ,三倍做空纳指ETF-ProShares,平多,14.0,17.1602,-171.36,USD
2025-09-12,SQQQ,三倍做空纳指ETF-ProShares,平多,45.0,16.4737,-575.08,USD
2025-09-15,SQQQ,三倍做空纳指ETF-ProShares,平多,12.0,16.2922,-150.09,USD
2025-09-15,SQQQ,三倍做空纳指ETF-ProShares,平多,3.0,16.255,-37.64,USD
2025-09-19,SQQQ,三倍做空纳指ETF-ProShares,平多,41.0,15.625,-537.12,USD
2025-10-03,SQQQ,三倍做空纳指ETF-ProShares,平多,16.0,15.0401,-217.28,USD
2025-10-06,SQQQ,三倍做空纳指ETF-ProShares,平多,20.0,14.7201,-277.34,USD
2025-10-20,SQQQ,三倍做空纳指ETF-ProShares,平多,13.0,14.53355,-180.26,USD
2025-10-24,SQQQ,三倍做空纳指ETF-ProShares,平多,42.0,13.895,-608.41,USD
2025-10-27,SQQQ,三倍做空纳指ETF-ProShares,平多,31.0,13.405,-461.75,USD
2025-10-29,SQQQ,三倍做空纳指ETF-ProShares,平多,661.0,12.76,-8106.94,USD
2026-02-26,ADBE,Adobe,平多,5.0,258.8,0.43,USD
2026-02-26,ADBE,Adobe,平多,5.0,258.8,60.5,USD
2026-02-26,TDOC,Teladoc Health,平多,50.0,5.02,12.0,USD
2026-02-26,TDOC,Teladoc Health,平多,50.0,5.15,18.5,USD
2026-03-02,IQ,爱奇艺,平多,100.0,1.6,-5.0,USD
2026-03-03,ADBE,Adobe,平多,5.0,266.0,101.0,USD
2026-03-09,NVDA,英伟达,平多,30.0,179.8,-67.55,USD
2026-03-09,NVDA,英伟达,平多,30.0,180.8,93.0,USD
2026-03-09,NVDA,英伟达,平多,25.0,182.4,149.5,USD
2026-03-10,NVDA,英伟达,平多,10.0,185.1,106.0,USD
2026-03-15,NVDA,英伟达,平多,15.0,181.7,123.0,USD
2026-03-16,TDOC,Teladoc Health,平多,42.0,5.39,32.34,USD
2026-03-16,TDOC,Teladoc Health,平多,1.0,5.4,0.78,USD
2026-03-16,TDOC,Teladoc Health,平多,1.0,5.4,0.78,USD
2026-03-16,TDOC,Teladoc Health,平多,6.0,5.4,4.68,USD
2026-03-16,GLD,黄金ETF-SPDR,平多,27.0,462.0,32.77,USD
2026-03-16,GLD,黄金ETF-SPDR,平多,15.0,462.6,32.78,USD
2026-03-20,GLD,黄金ETF-SPDR,平多,18.0,433.5,-163.4,USD
2026-03-20,GLD,黄金ETF-SPDR,平多,15.0,434.7,63.3,USD
2026-03-24,GLD,黄金ETF-SPDR,平多,25.0,418.0,15.75,USD
2026-03-24,GLD,黄金ETF-SPDR,平多,10.0,420.18,332.3,USD
2026-03-24,GLD,黄金ETF-SPDR,平多,7.0,422.2,293.4,USD
2026-03-31,GLD,黄金ETF-SPDR,平多,4.0,431.0,212.0,USD
2026-04-01,ADBE,Adobe,平多,10.0,240.53,38.3,USD
2026-04-09,SQQQ,三倍做空纳指ETF-ProShares,平多,30.0,70.08,25.6,USD
2026-04-09,SQQQ,三倍做空纳指ETF-ProShares,平多,30.0,70.28,46.0,USD
2026-04-09,ADBE,Adobe,平多,10.0,229.88,-53.2,USD
2026-04-09,ADBE,Adobe,平多,30.0,229.88,43.9,USD
2026-04-09,SQQQ,三倍做空纳指ETF-ProShares,平多,80.0,68.04,-14.4,USD
2026-04-10,ADBE,Adobe,平多,10.0,227.0,-7.8,USD
2026-04-13,ADBE,Adobe,平多,5.0,234.2,44.0,USD
2026-04-14,IQ,爱奇艺,平多,1000.0,1.42,-114.0,USD
2026-04-15,ADBE,Adobe,平多,5.0,245.4,100.0,USD
2026-09-03,SQQQ,三倍做空纳指ETF-ProShares,平多,1.0,38.42,-29.38,USD
2026-09-03,SQQQ,三倍做空纳指ETF-ProShares,平多,49.0,38.42,-1432.62,USD
2026-09-14,IQ,爱奇艺,平多,1000.0,1.02,-355.0,USD
2026-09-17,IQ,爱奇艺,平多,500.0,1.15,50.0,USD
