date,code,name,qty,price,pnl,ccy
2024-08-05,NVDA,英伟达,55.0,100.5,123.5,USD
2024-08-05,NVDA,英伟达,50.0,101.4,207.0,USD
2024-08-05,GOOG,谷歌-C,80.0,159.86,4.8,USD
2024-08-05,PYPL,PayPal,80.0,58.9,32.0,USD
2024-08-05,PYPL,PayPal,50.0,58.9,20.0,USD
2024-08-05,PYPL,PayPal,50.0,58.9,20.0,USD
2024-08-05,AMZN,亚马逊,54.0,161.3,92.88,USD
2024-08-05,AMZN,亚马逊,20.0,161.3,34.4,USD
2024-08-05,AMZN,亚马逊,3.0,161.3,5.16,USD
2024-08-05,AMZN,亚马逊,3.0,161.3,5.16,USD
2024-08-05,AMZN,亚马逊,15.0,156.67,-20.25,USD
2024-08-05,NVDA,英伟达,15.0,95.8,-18.15,USD
2024-08-05,NVDA,英伟达,100.0,95.8,-81.25,USD
2024-08-05,NVDA,英伟达,30.0,96.4,11.7,USD
2024-08-05,NVDA,英伟达,120.0,96.4,60.5,USD
2024-08-05,NVDA,英伟达,100.0,96.8,161.28,USD
2024-08-05,NVDA,英伟达,50.0,97.5,135.0,USD
2024-08-05,NVDA,英伟达,50.0,98.3,185.5,USD
2024-08-05,NVDA,英伟达,20.0,99.3,104.0,USD
2024-08-05,NVDA,英伟达,30.0,99.5,162.0,USD
2024-08-05,NVDA,英伟达,25.0,101.0,172.5,USD
2024-08-05,AMD,美国超微公司,8.0,133.2,0.0,USD
2024-08-05,AMD,美国超微公司,5.0,133.2,0.0,USD
2024-08-05,AMD,美国超微公司,1.0,133.2,0.0,USD
2024-08-05,AMD,美国超微公司,6.0,133.2,0.0,USD
2024-08-05,AMD,美国超微公司,20.0,133.7,0.0,USD
2024-08-05,AMD,美国超微公司,20.0,134.4,0.0,USD
2024-08-05,AMD,美国超微公司,20.0,134.7,0.0,USD
2024-08-05,AMD,美国超微公司,80.0,135.5,0.0,USD
2024-08-05,AMD,美国超微公司,40.0,136.0,0.0,USD
2024-08-05,AMD,美国超微公司,50.0,136.5,0.0,USD
2024-08-05,AMD,美国超微公司,50.0,137.6,0.0,USD
2024-08-05,AMD,美国超微公司,48.0,138.4,0.0,USD
2024-08-05,AMD,美国超微公司,52.0,138.4,0.0,USD
2024-08-05,NVDA,英伟达,25.0,103.2,233.5,USD
2024-08-05,AMD,美国超微公司,22.0,139.11,0.0,USD
2024-08-05,01519,极兔速递-W,10000.0,5.91,-140.0,HKD
2024-08-05,AMD,美国超微公司,8.0,138.12,27.36,USD
2024-08-05,AMD,美国超微公司,92.0,138.12,314.64,USD
2024-08-06,ASML,阿斯麦,40.0,846.8,0.0,USD
2024-08-06,ASML,阿斯麦,6.0,849.0,0.0,USD
2024-08-06,AMD,美国超微公司,50.0,133.3,-128.8,USD
2024-08-06,ASML,阿斯麦,5.0,851.0,0.0,USD
2024-08-06,ASML,阿斯麦,5.0,855.2,0.0,USD
2024-08-07,ASML,阿斯麦,5.0,865.0,115.0,USD
2024-08-07,ASML,阿斯麦,5.0,870.0,140.0,USD
2024-08-07,AMD,美国超微公司,30.0,135.5,-39.0,USD
2024-08-07,ASML,阿斯麦,5.0,877.0,175.0,USD
2024-08-08,NVDA,英伟达,225.0,104.4,87.75,USD
2024-08-08,NVDA,英伟达,150.0,104.7,103.5,USD
2024-08-08,NVDA,英伟达,150.0,104.9,186.04,USD
2024-08-08,NVDA,英伟达,25.0,105.3,46.21,USD
2024-08-09,NVDA,英伟达,20.0,106.4,70.0,USD
2024-08-09,AMD,美国超微公司,10.0,138.1,13.0,USD
2024-08-12,NVDA,英伟达,10.0,108.7,46.5,USD
2024-08-12,NVDA,英伟达,10.0,109.0,43.5,USD
2024-08-12,SQ,Block,100.0,61.1,60.0,USD
2024-08-12,NVDA,英伟达,10.0,109.4,56.0,USD
2024-08-12,NVDA,英伟达,10.0,110.0,61.0,USD
2024-08-12,NVDA,英伟达,5.0,110.8,32.5,USD
2024-08-12,AMD,美国超微公司,10.0,137.6,8.0,USD
2024-08-12,SBUX,星巴克,100.0,78.1,0.0,USD
2024-08-12,MU,美光科技,100.0,95.6,0.0,USD
2024-08-12,MU,美光科技,50.0,95.9,0.0,USD
2024-08-12,MU,美光科技,50.0,96.1,0.0,USD
2024-08-12,MU,美光科技,100.0,96.25,0.0,USD
2024-08-12,MU,美光科技,100.0,96.4,0.0,USD
2024-08-13,NVDA,英伟达,5.0,111.18,34.4,USD
2024-08-13,NVDA,英伟达,10.0,111.2,0.0,USD
2024-08-13,SBUX,星巴克,50.0,85.3,395.0,USD
2024-08-13,SBUX,星巴克,50.0,86.3,480.0,USD
2024-08-13,SBUX,星巴克,100.0,86.8,0.0,USD
2024-08-13,SBUX,星巴克,100.0,87.4,0.0,USD
2024-08-13,SBUX,星巴克,100.0,88.2,0.0,USD
2024-08-13,NVDA,英伟达,10.0,112.7,0.0,USD
2024-08-13,NVDA,英伟达,20.0,113.0,0.0,USD
2024-08-13,SBUX,星巴克,100.0,88.8,0.0,USD
2024-08-13,SBUX,星巴克,5.0,89.6,0.0,USD
2024-08-13,SBUX,星巴克,1.0,89.6,0.0,USD
2024-08-13,SBUX,星巴克,22.0,89.6,0.0,USD
2024-08-13,SBUX,星巴克,22.0,89.6,0.0,USD
2024-08-13,SBUX,星巴克,120.0,89.9,0.0,USD
2024-08-13,SBUX,星巴克,35.0,90.4,0.0,USD
2024-12-24,SBUX,星巴克,130.0,88.66,-1424.03,USD
2025-03-26,SBUX,星巴克,50.0,97.8,-231.59,USD
2025-03-26,SBUX,星巴克,50.0,98.25,36.59,USD
2025-03-27,SBUX,星巴克,1.0,99.2,1.4,USD
2025-03-27,SBUX,星巴克,49.0,99.2,37.29,USD
2025-04-04,GOOG,谷歌-C,50.0,150.14,-73.0,USD
2025-04-04,MU,美光科技,41.0,70.5,-1004.5,USD
2025-04-04,MU,美光科技,100.0,70.5,-2441.8,USD
2025-04-04,MU,美光科技,100.0,70.5,-2409.5,USD
2025-04-04,MU,美光科技,7.0,70.5,-166.6,USD
2025-04-04,MU,美光科技,59.0,70.5,-1418.55,USD
2025-04-04,MU,美光科技,13.0,70.5,-336.05,USD
2025-04-04,MU,美光科技,18.0,70.5,-465.3,USD
2025-04-04,NVDA,英伟达,51.0,96.7,-659.7,USD
2025-04-04,NVDA,英伟达,49.0,96.7,-28.3,USD
2025-04-04,NVDA,英伟达,50.0,97.5903,47.42,USD
2025-04-04,NVDA,英伟达,25.0,98.2006,54.76,USD
2025-04-04,XYZ,Block,100.0,50.0,60.0,USD
2025-04-04,XYZ,Block,50.0,50.3,52.5,USD
2025-04-04,XYZ,Block,150.0,47.94,-181.5,USD
2025-04-04,MU,美光科技,50.0,66.4,-1497.5,USD
2025-04-04,NVDA,英伟达,100.0,95.2,-56.15,USD
2025-04-04,NVDA,英伟达,25.0,96.0,19.0,USD
2025-04-04,NVDA,英伟达,50.0,92.61,-51.88,USD
2025-04-07,XYZ,Block,20.0,46.28,3.4,USD
2025-04-07,XYZ,Block,30.0,46.27,4.8,USD
2025-04-07,NVDA,英伟达,80.0,89.01,-283.7,USD
2025-04-07,NVDA,英伟达,50.0,98.0,557.6,USD
2025-04-07,01519,极兔速递-W,10000.0,4.78,-4400.0,HKD
2025-04-08,NVDA,英伟达,25.0,100.2,360.9,USD
2025-04-08,AVGO,博通,200.0,162.5,324.7,USD
2025-04-08,NVDA,英伟达,25.0,101.38,394.5,USD
2025-04-08,AVGO,博通,21.0,163.4,0.0,USD
2025-04-09,XYZ,Block,20.0,47.65,-43.0,USD
2025-04-09,XYZ,Block,1.0,47.56,-2.24,USD
2025-04-09,XYZ,Block,2.0,47.56,-4.48,USD
2025-04-09,XYZ,Block,27.0,47.55,-60.75,USD
2025-04-09,TLT,20+年以上美国国债ETF-iShares,325.0,85.95,22.75,USD
2025-04-09,TLT,20+年以上美国国债ETF-iShares,5.0,86.08,1.0,USD
2025-04-09,TLT,20+年以上美国国债ETF-iShares,3.0,86.08,0.6,USD
2025-04-09,TLT,20+年以上美国国债ETF-iShares,5.0,86.08,1.0,USD
2025-04-09,TLT,20+年以上美国国债ETF-iShares,4.0,86.08,0.8,USD
2025-04-09,TLT,20+年以上美国国债ETF-iShares,133.0,86.08,56.7,USD
2025-04-09,TLT,20+年以上美国国债ETF-iShares,25.0,86.6,45.0,USD
2025-04-09,00981,中芯国际,500.0,43.5,0.0,HKD
2025-04-09,00981,中芯国际,500.0,42.75,0.0,HKD
2025-04-09,00981,中芯国际,500.0,43.2,0.0,HKD
2025-04-09,PDD,拼多多,25.0,97.6,207.5,USD
2025-04-09,PDD,拼多多,25.0,98.0,237.5,USD
2025-04-10,DIS,迪士尼,26.0,89.98,0.0,USD
2025-04-10,DIS,迪士尼,24.0,89.98,0.0,USD
2025-04-10,00981,中芯国际,500.0,45.3,0.0,HKD
2025-04-10,00981,中芯国际,500.0,45.6,0.0,HKD
2025-04-10,00981,中芯国际,500.0,45.9,0.0,HKD
2025-04-10,00981,中芯国际,1000.0,46.3,0.0,HKD
2025-04-10,PDD,拼多多,75.0,90.01,-66.75,USD
2025-04-10,TLT,20+年以上美国国债ETF-iShares,25.0,87.0,55.0,USD
2025-04-10,SOXL,三倍做多半导体ETF-Direxion,1000.0,9.85,355.0,USD
2025-04-10,SOXL,三倍做多半导体ETF-Direxion,695.0,9.8,374.0,USD
2025-04-11,00981,中芯国际,500.0,45.4,600.0,HKD
2025-04-11,00981,中芯国际,500.0,46.3,1050.0,HKD
2025-04-11,00981,中芯国际,500.0,46.9,1425.0,HKD
2025-04-11,00981,中芯国际,500.0,47.3,1625.0,HKD
2025-04-11,00981,中芯国际,500.0,47.8,2050.0,HKD
2025-04-15,SOXL,三倍做多半导体ETF-Direxion,100.0,10.96,176.0,USD
2025-04-16,GLD,黄金ETF-SPDR,85.0,306.2,0.0,USD
2025-04-21,NVDA,英伟达,10.0,99.1,135.0,USD
2025-04-21,SOXL,三倍做多半导体ETF-Direxion,100.0,8.77,-22.2,USD
2025-04-21,SOXL,三倍做多半导体ETF-Direxion,150.0,8.77,-30.5,USD
2025-04-21,SOXL,三倍做多半导体ETF-Direxion,50.0,8.77,13.5,USD
2025-04-22,NVDA,英伟达,25.0,98.18,329.25,USD
2025-04-22,SOXL,三倍做多半导体ETF-Direxion,100.0,9.24,85.0,USD
2025-04-22,NVDA,英伟达,15.0,99.2,62.15,USD
2025-04-22,SOXL,三倍做多半导体ETF-Direxion,100.0,9.3,107.0,USD
2025-04-23,SQQQ,三倍做空纳指ETF-ProShares,50.0,35.8,93.5,USD
2025-04-25,NVDA,英伟达,10.0,108.2,103.0,USD
2025-04-25,NVDA,英伟达,10.0,108.35,105.5,USD
2025-04-25,NVDA,英伟达,10.0,108.5,114.0,USD
2025-04-25,NVDA,英伟达,20.0,108.95,252.5,USD
2025-04-25,NVDA,英伟达,10.0,109.1,0.0,USD
2025-04-25,NVDA,英伟达,30.0,109.5,0.0,USD
2025-04-25,SOXL,三倍做多半导体ETF-Direxion,100.0,12.2,402.0,USD
2025-04-25,NVDA,英伟达,20.0,110.08,0.0,USD
2025-04-28,SQQQ,三倍做空纳指ETF-ProShares,370.0,32.8,-236.25,USD
2025-04-28,SQQQ,三倍做空纳指ETF-ProShares,300.0,32.9,208.9,USD
2025-05-04,SQQQ,三倍做空纳指ETF-ProShares,280.0,29.12,-546.8,USD
2025-05-04,SQQQ,三倍做空纳指ETF-ProShares,100.0,29.35,13.5,USD
2025-05-05,SQQQ,三倍做空纳指ETF-ProShares,60.0,29.58,31.0,USD
2025-05-05,SQQQ,三倍做空纳指ETF-ProShares,6.0,29.58,3.36,USD
2025-05-05,SQQQ,三倍做空纳指ETF-ProShares,134.0,29.58,82.24,USD
2025-05-05,SQQQ,三倍做空纳指ETF-ProShares,24.0,29.62,16.68,USD
2025-05-05,SQQQ,三倍做空纳指ETF-ProShares,176.0,29.62,132.32,USD
2025-05-06,SQQQ,三倍做空纳指ETF-ProShares,100.0,29.68,90.6,USD
2025-05-06,SQQQ,三倍做空纳指ETF-ProShares,100.0,29.75,103.8,USD
2025-05-12,SOXS,三倍做空半导体ETF-Direxion,300.0,12.8,91.0,USD
2025-05-13,SQQQ,三倍做空纳指ETF-ProShares,100.0,24.2,-426.0,USD
2025-05-14,SQQQ,三倍做空纳指ETF-ProShares,50.0,23.82,-252.0,USD
2025-07-21,SQQQ,三倍做空纳指ETF-ProShares,15.0,18.52,-155.1,USD
2025-07-21,SQQQ,三倍做空纳指ETF-ProShares,12.0,18.3425,-126.21,USD
2025-07-25,SQQQ,三倍做空纳指ETF-ProShares,11.0,18.1937,-117.33,USD
2025-07-28,SQQQ,三倍做空纳指ETF-ProShares,11.0,18.0132,-119.31,USD
2025-08-08,SQQQ,三倍做空纳指ETF-ProShares,40.0,17.5003,-475.45,USD
2025-08-15,SQQQ,三倍做空纳指ETF-ProShares,13.0,17.3001,-157.3,USD
2025-09-08,SQQQ,三倍做空纳指ETF-ProShares,14.0,17.1602,-171.36,USD
2025-09-12,SQQQ,三倍做空纳指ETF-ProShares,45.0,16.4737,-575.08,USD
2025-09-15,SQQQ,三倍做空纳指ETF-ProShares,12.0,16.2922,-150.09,USD
2025-09-15,SQQQ,三倍做空纳指ETF-ProShares,3.0,16.255,-37.64,USD
2025-09-19,SQQQ,三倍做空纳指ETF-ProShares,41.0,15.625,-537.12,USD
2025-10-03,SQQQ,三倍做空纳指ETF-ProShares,16.0,15.0401,-217.28,USD
2025-10-06,SQQQ,三倍做空纳指ETF-ProShares,20.0,14.7201,-277.34,USD
2025-10-20,SQQQ,三倍做空纳指ETF-ProShares,13.0,14.53355,-180.26,USD
2025-10-24,SQQQ,三倍做空纳指ETF-ProShares,42.0,13.895,-608.41,USD
2025-10-27,SQQQ,三倍做空纳指ETF-ProShares,31.0,13.405,-461.75,USD
2025-10-29,SQQQ,三倍做空纳指ETF-ProShares,661.0,12.76,-8106.94,USD
2026-02-26,ADBE,Adobe,5.0,258.8,0.43,USD
2026-02-26,ADBE,Adobe,5.0,258.8,60.5,USD
2026-02-26,TDOC,Teladoc Health,50.0,5.02,12.0,USD
2026-02-26,TDOC,Teladoc Health,50.0,5.15,18.5,USD
2026-03-02,IQ,爱奇艺,100.0,1.6,-5.0,USD
2026-03-03,ADBE,Adobe,5.0,266.0,101.0,USD
2026-03-09,NVDA,英伟达,30.0,179.8,2058.0,USD
2026-03-09,NVDA,英伟达,30.0,180.8,2088.0,USD
2026-03-09,NVDA,英伟达,25.0,182.4,1780.0,USD
2026-03-10,NVDA,英伟达,10.0,185.1,739.0,USD
2026-03-15,NVDA,英伟达,15.0,181.7,303.5,USD
2026-03-16,TDOC,Teladoc Health,42.0,5.39,32.34,USD
2026-03-16,TDOC,Teladoc Health,1.0,5.4,0.78,USD
2026-03-16,TDOC,Teladoc Health,1.0,5.4,0.78,USD
2026-03-16,TDOC,Teladoc Health,6.0,5.4,4.68,USD
2026-03-16,GLD,黄金ETF-SPDR,27.0,462.0,4212.0,USD
2026-03-16,GLD,黄金ETF-SPDR,15.0,462.6,2349.0,USD
2026-03-20,GLD,黄金ETF-SPDR,18.0,433.5,2295.0,USD
2026-03-20,GLD,黄金ETF-SPDR,15.0,434.7,1930.5,USD
2026-03-24,GLD,黄金ETF-SPDR,25.0,418.0,478.21,USD
2026-03-24,GLD,黄金ETF-SPDR,10.0,420.18,-406.06,USD
2026-03-24,GLD,黄金ETF-SPDR,7.0,422.2,-270.1,USD
2026-03-31,GLD,黄金ETF-SPDR,4.0,431.0,-119.14,USD
2026-04-01,ADBE,Adobe,10.0,240.53,38.3,USD
2026-04-09,SQQQ,三倍做空纳指ETF-ProShares,30.0,70.08,25.6,USD
2026-04-09,SQQQ,三倍做空纳指ETF-ProShares,30.0,70.28,46.0,USD
2026-04-09,ADBE,Adobe,10.0,229.88,-53.2,USD
2026-04-09,ADBE,Adobe,30.0,229.88,43.9,USD
2026-04-09,SQQQ,三倍做空纳指ETF-ProShares,80.0,68.04,-14.4,USD
2026-04-10,ADBE,Adobe,10.0,227.0,-7.8,USD
2026-04-13,ADBE,Adobe,5.0,234.2,44.0,USD
2026-04-14,IQ,爱奇艺,1000.0,1.42,-114.0,USD
2026-04-15,ADBE,Adobe,5.0,245.4,100.0,USD
2026-09-03,SQQQ,三倍做空纳指ETF-ProShares,1.0,38.42,-29.38,USD
2026-09-03,SQQQ,三倍做空纳指ETF-ProShares,49.0,38.42,-1432.62,USD
2026-09-14,IQ,爱奇艺,1000.0,1.02,-355.0,USD
2026-09-17,IQ,爱奇艺,500.0,1.15,50.0,USD
