no,name,market,ccy,buy_price,qty,fee,avg_price,investment,current_price,gain_loss,pl_pct,exit_price,open_date,close_date,holding_days
1,,HK,HKD,216,100,27.337646,217.0566,21705.66,113.5,12.204398,0.004386,218,2020-02-24,2020-06-22,119
2,,NASDAQ,USD,55.07,10,21.76,57.246,572.46,120.24,-105.46,-0.184222,46.7,2020-02-25,2020-03-26,30
3,,NASDAQ,USD,85,10,21.76,87.176,871.76,138.72,48.24,0.055336,92,2020-03-19,2020-03-23,4
4,,NASDAQ,USD,47,20,21.76,48.088,961.76,51.51,108.24,0.112544,53.5,2020-03-20,2020-03-26,6
5,,HK,HKD,2.8,1000,22.049159,2.97,2970,3.05,6.468305,0.016987,3.02,2020-03-23,2020-07-07,106
6,,NASDAQ,USD,65.7,20,21.76,66.788,1335.76,158.45,116.24,0.087022,72.6,2020-03-25,2020-04-09,15
7,,NASDAQ,USD,162.333333,12,32.64,165.053333,1980.64,223.59,95.36,0.048146,173,2020-03-25,2020-04-09,15
8,,NYSE,USD,179.75,10,21.76,181.926,1819.26,359.57,310.74,0.170806,213,2020-04-24,2020-08-17,115
9,,NYSE,USD,105.8,15,21.76,107.250667,1608.76,138.72,221.24,0.137522,122,2020-05-26,2020-05-28,2
10,,NYSE,USD,27.5,50,17.76,27.8552,1392.76,55.93,323.74,0.232445,34.33,2020-06-09,2020-06-11,2
11,,NYSE,USD,52.222222,45,26.64,52.814222,2376.64,78.54,88.46,0.037221,54.78,2020-06-17,2020-07-17,30
12,,NASDAQ,USD,228,5,17.76,231.552,1157.76,223.59,82.24,0.071034,248,2020-06-26,2020-07-15,19
13,,NASDAQ,USD,16.68,80,17.76,16.902,1352.16,26.48,200.64,0.148385,19.41,2020-07-31,2020-08-11,11
14,,NASDAQ,USD,15,40,17.76,15.444,617.76,26.48,202.24,0.327376,20.5,2020-08-13,2020-08-28,15
15,,NASDAQ,USD,15,40,17.76,15.444,617.76,26.48,16.64,0.026936,15.86,2020-08-13,2020-09-10,28
16,,NASDAQ,USD,350,2,17.76,358.88,717.76,1091.84,202.24,0.281765,460,2020-09-08,2020-09-17,9
17,,NYSE,USD,179.75,10,17.76,181.526,1815.26,359.57,354.74,0.195421,217,2020-04-24,2020-08-31,129
18,,NASDAQ,USD,49.5,15,17.76,50.684,760.26,51.51,-17.76,-0.02336,49.5,2020-07-24,2020-09-29,67
19,,NASDAQ,USD,123,5,17.76,126.552,632.76,71.18,-87.76,-0.138694,109,2020-08-07,2020-09-29,53
20,,NYSE,USD,258,5,17.76,261.552,1307.76,115.09,232.24,0.177586,308,2020-08-18,2020-10-20,63
21,,NYSE,USD,40.5,15,17.76,41.684,625.26,64.8,82.74,0.132329,47.2,2020-09-17,2020-11-04,48
22,,NASDAQ,USD,123,5,17.76,126.552,632.76,71.18,42.24,0.066755,135,2020-08-07,2020-11-06,91
23,,NYSE,USD,23,40,17.76,23.444,937.76,27.13,62.24,0.066371,25,2020-08-27,2020-11-06,71
24,,NASDAQ,USD,263,3,17.76,268.92,806.76,223.59,48.24,0.059795,285,2020-10-09,2020-11-06,28
25,,NASDAQ,USD,24.332,50,26.64,24.8648,1243.24,37.59,156.76,0.12609,28,2020-09-18,2020-11-10,53
26,,NYSE,USD,13.5,55,8.88,13.661455,751.38,6,348.62,0.463973,20,2020-11-02,2020-11-17,15
27,,NYSE,USD,27.5,30,17.76,28.092,842.76,23.87,28.74,0.034102,29.05,2020-10-14,2020-11-19,36
28,,NYSE,USD,200,5,17.76,203.552,1017.76,335.3,97.24,0.095543,223,2020-10-26,2020-11-19,24
29,,HK,HKD,4.53,2000,21.76,4.614864,9229.728,4.72,16.701538,0.014114,4.68,2020-08-07,2020-11-20,105
30,,NASDAQ,USD,440,2,17.76,448.88,897.76,1091.84,152.24,0.169578,525,2020-11-17,2020-11-25,8
31,,NYSE,USD,38,15,17.76,39.184,587.76,53.28,43.74,0.074418,42.1,2020-11-11,2020-12-10,29
32,,NASDAQ,USD,127,6,17.76,129.96,779.76,128.04,59.64,0.076485,139.9,2020-11-05,2020-12-18,43
33,,NASDAQ,USD,625,1,17.76,642.76,642.76,1091.84,62.24,0.096832,705,2020-12-04,2021-01-05,32
34,,NASDAQ,USD,88,8,17.76,90.22,721.76,93.82,62.24,0.086234,98,2020-11-16,2021-01-06,51
35,,NASDAQ,USD,49.5,10,17.76,51.276,512.76,51.51,12.24,0.023871,52.5,2020-07-24,2021-01-07,167
36,,NYSE,USD,180,4,17.76,184.44,737.76,69.82,182.24,0.247018,230,2020-11-09,2021-01-12,64
37,,NYSE,USD,19.5,50,17.76,19.8552,992.76,5.25,57.24,0.057657,21,2020-12-03,2021-01-12,40
38,,NASDAQ,USD,78,10,17.76,79.776,797.76,80.01,94.24,0.118131,89.2,2020-11-12,2021-01-12,61
39,,NASDAQ,USD,516,2,17.76,524.88,1049.76,282.19,34.24,0.032617,542,2020-12-30,2021-01-12,13
40,,NYSE,USD,49,20,35.52,50.776,1015.52,21.21,244.48,0.240744,63,2020-12-01,2021-01-12,42
41,,HK,HKD,1.85,4000,138.4296,1.884607,7538.4296,3.1,238.662872,0.246944,2.35,2021-01-08,2021-01-15,7
42,,HK,HKD,47.5,500,173.2045,47.846409,23923.2045,55.3,105.999423,0.004431,49.5,2020-11-19,2021-01-18,60
43,,NASDAQ,USD,60,10,17.76,61.776,617.76,59.18,37.24,0.060282,65.5,2020-11-10,2021-01-19,70
44,,NYSE,USD,67,15,17.76,68.184,1022.76,3.19,5.94,0.005808,68.58,2021-01-06,2021-01-19,13
45,,NASDAQ,USD,515,2,17.76,523.88,1047.76,693.4,23.66,0.022582,535.71,2020-11-21,2021-01-19,59
46,,NASDAQ,USD,85.35,30,53.28,87.126,2613.78,21.25,-183.78,-0.070312,81,2020-08-27,2021-01-25,151
47,,NASDAQ,USD,85.35,10,8.88,86.238,862.38,21.25,77.62,0.090007,94,2020-08-27,2021-01-27,153
48,,NYSE,USD,273.333333,12,35.52,276.293333,3315.52,115.09,-190.84,-0.05756,260.39,2020-10-29,2021-01-29,92
49,,AMEX,USD,179.988889,18,26.64,181.468889,3266.44,179.06,-158.56,-0.048542,172.66,2020-07-31,2021-01-29,182
50,,NASDAQ,USD,466,2,17.76,474.88,949.76,450.01,-16.64,-0.01752,466.56,2021-01-06,2021-01-29,23
51,,NASDAQ,USD,270,4,18.76,274.69,1098.76,223.59,-50.76,-0.046198,262,2020-12-31,2021-02-26,57
52,,NASDAQ,USD,268,15,18.76,269.250667,4038.76,223.59,-63.76,-0.015787,265,2021-01-28,2021-03-04,35
53,,NYSE,USD,13.5,25,17.76,14.2104,355.26,6,22.99,0.064713,15.13,2020-11-02,2021-03-05,123
54,,NASDAQ,USD,262,60,18.76,262.312667,15738.76,223.59,161.24,0.010245,265,2021-03-08,2021-03-09,1
55,,NASDAQ,USD,270,50,18.76,270.3752,13518.76,223.59,-243.76,-0.018031,265.5,2021-01-28,2021-03-09,40
56,,NASDAQ,USD,272,50,9.88,272.1976,13609.88,223.59,-309.88,-0.022769,266,2021-01-28,2021-03-09,40
57,,NASDAQ,USD,268,15,9.88,268.658667,4029.88,223.59,-39.88,-0.009896,266,2021-01-28,2021-03-09,40
58,,NASDAQ,USD,268,20,9.88,268.494,5369.88,223.59,-9.88,-0.00184,268,2021-01-28,2021-03-09,40
59,,NASDAQ,USD,274,30,9.88,274.329333,8229.88,223.59,-189.88,-0.023072,268,2021-01-28,2021-03-09,40
60,,NASDAQ,USD,237.5,60,18.76,237.812667,14268.76,115.09,131.24,0.009198,240,2021-03-10,2021-03-11,1
61,,NASDAQ,USD,276.7,100,18.76,276.8876,27688.76,223.59,11.24,0.000406,277,2021-01-28,2021-03-11,42
62,,NASDAQ,USD,269.5,50,19.76,269.8952,13494.76,223.59,605.24,0.04485,282,2021-01-28,2021-03-16,47
63,,NASDAQ,USD,227,50,18.76,227.3752,11368.76,115.09,81.24,0.007146,229,2021-03-16,2021-03-17,1
64,,NASDAQ,USD,269.5,50,19.76,269.8952,13494.76,223.59,905.24,0.067081,288,2021-01-28,2021-03-19,50
65,,NASDAQ,USD,85.6,15,18.76,86.850667,1302.76,71.18,-9.76,-0.007492,86.2,2021-03-16,2021-03-23,7
66,,NASDAQ,USD,257,50,9.64,257.1928,12859.64,147.45,140.36,0.010915,260,2021-03-22,2021-03-23,1
67,,NASDAQ,USD,121,100,18.76,121.1876,12118.76,175.6,31.24,0.002578,121.5,2021-03-22,2021-03-23,1
68,,NASDAQ,USD,80.8,100,14.76,80.9476,8094.76,59.77,105.24,0.013001,82,2021-03-24,2021-03-26,2
69,,NASDAQ,USD,96.25,150,21.64,96.394267,14459.14,28.54,-59.14,-0.00409,96,2021-03-24,2021-03-26,2
70,,NASDAQ,USD,96.25,50,6.88,96.3876,4819.38,28.54,-9.38,-0.001946,96.2,2021-03-24,2021-03-26,2
71,,NASDAQ,USD,132,100,14.76,132.1476,13214.76,158.45,115.24,0.008721,133.3,2021-03-29,2021-03-31,2
72,,NASDAQ,USD,123.8,100,18.76,123.9876,12398.76,175.6,821.24,0.066236,132.2,2021-03-18,2021-04-09,22
73,,NASDAQ,USD,75.4,100,14.76,75.5476,7554.76,120.24,395.24,0.052317,79.5,2021-03-30,2021-04-13,14
74,,NASDAQ,USD,122,50,18.76,122.3752,6118.76,175.6,581.24,0.094993,134,2021-03-18,2021-04-13,26
75,,NASDAQ,USD,35.5,100,6.76,35.5676,3556.76,21.21,57.24,0.016093,36.14,2021-04-14,2021-04-19,5
76,,NASDAQ,USD,117.265,200,9.64,117.3132,23462.64,106.33,-456.64,-0.019462,115.03,2021-04-14,2021-04-20,6
77,,NASDAQ,USD,132.5,50,6.76,132.6352,6631.76,175.6,28.24,0.004258,133.2,2021-04-20,2021-04-21,1
78,,NASDAQ,USD,38.3,100,6.76,38.3676,3836.76,21.21,413.24,0.107705,42.5,2021-04-14,2021-04-27,13
79,,NASDAQ,USD,123.75,200,28.52,123.8926,24778.52,175.6,1881.48,0.075932,133.3,2021-03-18,2021-05-03,46
80,,NASDAQ,USD,83.8,50,9.76,83.9952,4199.76,59.77,-349.76,-0.083281,77,2021-04-01,2021-05-06,35
81,,HK,HKD,1.332,10000,249.22408,1.356922,1739.644113,0.87,-342.208215,-0.196712,1.09,2020-07-16,2021-05-14,302
82,,NASDAQ,USD,28.7,100,6.76,28.7676,2876.76,27.13,43.24,0.015031,29.2,2021-05-07,2021-05-21,14
83,,NASDAQ,USD,32.5,100,6.76,32.5676,3256.76,27.13,193.24,0.059335,34.5,2021-04-27,2021-06-01,35
84,,NYSE,USD,41.8,100,6.76,41.8676,4186.76,21.21,33.24,0.007939,42.2,2021-06-02,2021-06-03,1
85,,NASDAQ,USD,32.1,200,9.64,32.1482,6429.64,27.13,1170.36,0.182026,38,2021-04-27,2021-06-07,41
86,,NASDAQ,USD,3355,6,6.76,3356.126667,20136.76,3379.81,6.44,0.00032,3357.2,2021-06-11,2021-06-14,3
87,,NASDAQ,USD,82.8,200,15.4,82.8385,16567.7,120.24,372.3,0.022471,84.7,2021-04-28,2021-06-14,47
88,,NASDAQ,USD,82.8,50,6.76,82.9352,4146.76,120.24,313.24,0.075538,89.2,2021-04-28,2021-06-29,62
89,,NASDAQ,USD,82.8,50,6.76,82.9352,4146.76,120.24,613.24,0.147884,95.2,2021-04-28,2021-07-02,65
90,,NASDAQ,USD,82.8,100,15.4,82.954,8295.4,120.24,531.6,0.064084,88.27,2021-04-28,2021-07-08,71
91,,NASDAQ,USD,134.875,60,2.88,134.923,8095.38,158.45,124.62,0.015394,137,2021-06-17,2021-07-08,21
92,,NASDAQ,USD,46,100,6.76,46.0676,4606.76,21.21,43.24,0.009386,46.5,2021-07-12,2021-07-13,1
93,,NASDAQ,USD,134.875,40,2.88,134.947,5397.88,158.45,106.12,0.01966,137.6,2021-06-17,2021-07-19,32
94,,NASDAQ,USD,73.9,50,2.88,73.9576,3697.88,79.86,162.12,0.043841,77.2,2021-07-16,2021-07-21,5
95,,NASDAQ,USD,75.1,150,9.64,75.164267,11274.64,79.86,35.36,0.003136,75.4,2021-07-16,2021-07-23,7
96,,NASDAQ,USD,134.875,50,2.88,134.9326,6746.63,158.45,433.37,0.064235,143.6,2021-06-17,2021-07-23,36
97,,NYSE,USD,378,10,6.76,378.676,3786.76,335.3,-34.76,-0.009179,375.2,2021-07-01,2021-07-26,25
98,,NASDAQ,USD,67.2,200,12.52,67.2626,13452.52,59.77,467.48,0.03475,69.6,2021-07-26,2021-07-28,2
99,,NYSE,USD,40,100,6.76,40.0676,4006.76,21.21,13.24,0.003304,40.2,2021-07-27,2021-07-28,1
100,,NYSE,USD,195.8,25,6.76,196.0704,4901.76,115.09,23.24,0.004741,197,2021-07-26,2021-07-28,2
101,,NASDAQ,USD,134.88,50,6.76,135.0152,6750.76,158.45,749.24,0.110986,150,2021-06-17,2021-07-29,42
102,,NYSE,USD,195.8,25,6.76,196.0704,4901.76,115.09,123.24,0.025142,201,2021-07-26,2021-08-04,9
103,,HKEx,HKD,442,100,15.384615,443.2,5682.051282,377.2,112.820513,0.019856,452,2021-08-05,2021-08-06,1
104,,NASDAQ,USD,159,50,6.76,159.1352,7956.76,156.5,93.24,0.011718,161,2021-08-04,2021-08-09,5
105,,NASDAQ,USD,40.8,50,6.76,40.9352,2046.76,27.13,63.24,0.030898,42.2,2021-08-06,2021-08-09,3
106,,NASDAQ,USD,147.6,80,6.76,147.6845,11814.76,158.45,41.24,0.003491,148.2,2021-08-06,2021-08-13,7
107,,NASDAQ,USD,147.6,20,3.88,147.794,2955.88,158.45,24.12,0.00816,149,2021-08-06,2021-08-13,7
108,,NYSE,USD,41.8,50,6.76,41.9352,2096.76,21.21,-146.76,-0.069994,39,2021-08-05,2021-08-16,11
109,,NYSE,USD,36.5,150,6.76,36.545067,5481.76,21.21,113.24,0.020658,37.3,2021-08-19,2021-08-20,1
109,,NYSE,USD,36.5,50,6.76,36.6352,1831.76,21.21,28.24,0.015417,37.2,2021-08-19,2021-08-20,1
110,,NASDAQ,USD,79.3,150,6.76,79.345067,11901.76,59.77,-2406.76,-0.202219,63.3,2021-04-15,2021-08-20,127
111,,NASDAQ,USD,162.475,200,12.52,162.5376,32507.52,115.09,-1507.52,-0.046375,155,2021-08-19,2021-08-23,4
112,,NASDAQ,USD,83.766667,150,6.76,83.811733,12571.76,59.77,-1141.76,-0.090819,76.2,2021-04-15,2021-08-27,134
113,,NASDAQ,USD,71.8,30,6.76,72.025333,2160.76,79.86,59.24,0.027416,74,2021-08-26,2021-09-14,19
114,,NASDAQ,USD,78.6,100,6.76,78.6676,7866.76,80.01,36.24,0.004607,79.03,2021-09-13,2021-09-16,3
115,,NASDAQ,USD,153.5,100,6.76,153.5676,15356.76,156.5,-506.76,-0.032999,148.5,2021-09-13,2021-09-20,7
116,,NASDAQ,USD,150.8,100,6.76,150.8676,15086.76,115.09,113.24,0.007506,152,2021-09-20,2021-09-21,1
117,,NASDAQ,USD,147.5,50,6.76,147.6352,7381.76,147.45,443.24,0.060045,156.5,2021-08-18,2021-09-21,34
118,,NASDAQ,USD,76,100,6.76,76.0676,7606.76,80.01,193.24,0.025404,78,2021-09-21,2021-09-29,8
119,,NYSE,USD,35.2,100,6.76,35.2676,3526.76,21.21,73.24,0.020767,36,2021-09-23,2021-09-29,6
120,,NASDAQ,USD,129.5,20,6.76,129.838,2596.76,158.45,-46.76,-0.018007,127.5,2021-09-29,2021-10-04,5
121,,NASDAQ,USD,48.6,200,6.76,48.6338,9726.76,53.28,-1206.76,-0.124066,42.6,2021-08-24,2021-10-04,41
122,,NYSE,USD,76.8,100,6.76,76.8676,7686.76,80.01,33.24,0.004324,77.2,2021-10-05,2021-10-06,1
123,,NASDAQ,USD,69.4,100,6.76,69.4676,6946.76,79.86,83.24,0.011983,70.3,2021-10-06,2021-10-08,2
124,,NYSE,USD,35.35,100,6.76,35.4176,3541.76,21.21,88.24,0.024914,36.3,2021-10-05,2021-10-08,3
125,,NASDAQ,USD,156.933333,150,12.52,157.0168,23552.52,115.09,837.48,0.035558,162.6,2021-08-27,2021-10-08,42
126,,NYSE,USD,37.88,100,6.76,37.9476,3794.76,27.13,5.24,0.001381,38,2021-10-08,2021-10-11,3
127,,NASDAQ,USD,70,100,6.76,70.0676,7006.76,79.86,23.24,0.003317,70.3,2021-10-08,2021-10-11,3
128,,NASDAQ,USD,67.5,100,9.64,67.5964,6759.64,79.86,40.36,0.005971,68,2021-10-12,2021-10-14,2
129,,NASDAQ,USD,167.655556,130,21.16,167.818325,21816.382222,115.09,117.617778,0.005391,168.723077,2021-10-11,2021-10-15,4
130,,NYSE,USD,40.65,100,9.64,40.7464,4074.64,27.13,158.86,0.038987,42.335,2021-08-06,2021-10-15,70
131,,HK,HKD,149.8,100,9.602564,150.549,15054.9,113.5,153.217949,0.079383,162.5,2021-09-16,2021-10-18,32
132,,NASDAQ,USD,166.6,40,9.64,166.841,6673.64,147.45,406.36,0.06089,177,2021-07-21,2021-10-19,90
133,,NASDAQ,USD,167.655556,30,6.76,167.880889,5036.426667,115.09,194.073333,0.038534,174.35,2021-10-11,2021-10-19,8
134,,NYSE,USD,42.5,50,6.76,42.6352,2131.76,27.13,143.24,0.067193,45.5,2021-08-06,2021-10-25,80
135,,NYSE,USD,40.975,50,12.52,41.2254,2061.27,21.21,113.73,0.055175,43.5,2021-08-11,2021-11-04,85
136,,NASDAQ,USD,243.2,30,6.76,243.425333,7302.76,230.05,83.24,0.011398,246.2,2021-09-07,2021-11-08,62
137,,NYSE,USD,40.975,50,6.76,41.1102,2055.51,21.21,154.49,0.075159,44.2,2021-08-11,2021-11-08,89
138,,NASDAQ,USD,243.2,20,6.76,243.538,4870.76,230.05,159.24,0.032693,251.5,2021-09-07,2021-11-11,65
139,,NYSE,USD,40.975,100,6.76,41.0426,4104.26,21.21,15.74,0.003835,41.2,2021-08-11,2021-11-24,105
140,,NASDAQ,USD,29.7,200,9.64,29.7482,5949.64,26.48,150.36,0.025272,30.5,2021-12-04,2021-12-06,2
141,,NASDAQ,USD,58,100,6.76,58.0676,5806.76,80.01,93.24,0.016057,59,2021-12-10,2021-12-13,3
142,,NASDAQ,USD,292,30,9.64,292.321333,8769.64,282.19,320.36,0.036531,303,2021-12-14,2021-12-16,2
143,,HKEx,HKD,48.8,150,17.76,48.9184,940.738462,55.3,-36.892308,-0.039216,47,2020-11-20,2021-12-30,405
144,,NASDAQ,USD,43.5,40,9.64,43.741,1749.64,37.76,58.36,0.033355,45.2,2021-11-30,2021-12-31,31
145,,NASDAQ,USD,174.866667,50,9.64,175.059467,8752.973333,147.45,-1177.973333,-0.13458,151.5,2021-07-21,2022-01-06,169
146,,NYSE,USD,5.18,200,6.76,5.2138,1042.76,6,13.24,0.012697,5.28,2022-01-04,2022-01-06,2
147,,NASDAQ,USD,39,100,6.76,39.0676,3906.76,37.76,43.24,0.011068,39.5,2022-01-04,2022-01-06,2
148,,NASDAQ,USD,50.8,50,6.76,50.9352,2546.76,43.67,13.24,0.005199,51.2,2022-01-04,2022-01-06,2
145,,NASDAQ,USD,174.866667,10,9.64,175.830667,1758.306667,147.45,-226.306667,-0.128707,153.2,2021-07-21,2022-01-07,170
146,,NASDAQ,USD,5.77,300,6.76,5.792533,1737.76,6,-117.76,-0.067765,5.4,2021-12-16,2022-01-10,25
147,,NASDAQ,USD,147.301389,80,19.28,147.542389,11803.391111,115.09,-1483.391111,-0.125675,129,2021-10-11,2022-01-10,91
148,,HKEx,HKD,30.7,200,3.987013,30.855494,791.1665,26.9,-45.012654,-0.056894,29.1,2021-10-20,2022-01-13,85
149,,HKEx,HKD,145.5,100,27.980769,147.6825,1893.365385,113.5,-203.621795,-0.107545,131.8,2021-11-12,2022-01-13,62
150,,NASDAQ,USD,267.666667,105,9.64,267.758476,28114.64,282.19,136.86,0.004868,269.061905,2022-01-13,2022-01-14,1
151,,NASDAQ,USD,2710,1,6.76,2716.76,2716.76,2839,30.84,0.011352,2747.6,2022-01-18,2022-01-20,2
152,,NASDAQ,USD,215,20,12.52,215.626,4312.52,116.17,-788.52,-0.182844,176.2,2021-10-27,2022-01-20,85
153,,HKEx,HKD,17.5,200,3.987013,17.655494,452.704962,14.12,-452.704962,-1,0,2022-01-27,,-44588
