"交易类型","代码","名称","金额","余额","币种","创建时间"
"ETFs买入费用","SQQQ","三倍做空纳指ETF-ProShares","-2.14","-14,618.28","USD","2026/09/21 23:27:58"
"ETFs买入成交","SQQQ","三倍做空纳指ETF-ProShares","-1,767.50","-14,616.14","USD","2026/09/21 23:27:53"
"ETFs买入费用","SQQQ","三倍做空纳指ETF-ProShares","-2.14","-12,848.64","USD","2026/09/21 22:37:15"
"ETFs买入成交","SQQQ","三倍做空纳指ETF-ProShares","-1,775.00","-12,846.50","USD","2026/09/21 22:37:10"
"ETFs买入费用","SQQQ","三倍做空纳指ETF-ProShares","-2.14","-11,071.50","USD","2026/09/21 22:17:09"
"ETFs买入成交","SQQQ","三倍做空纳指ETF-ProShares","-1,790.00","-11,069.36","USD","2026/09/21 22:16:57"
"ETFs买入费用","SQQQ","三倍做空纳指ETF-ProShares","-2.14","-9,279.36","USD","2026/09/21 21:39:31"
"ETFs买入成交","SQQQ","三倍做空纳指ETF-ProShares","-1,825.00","-9,277.22","USD","2026/09/21 21:37:37"
"ETFs买入费用","SQQQ","三倍做空纳指ETF-ProShares","-2.14","-7,452.22","USD","2026/09/18 15:11:12"
"ETFs买入成交","SQQQ","三倍做空纳指ETF-ProShares","-1,890.00","-7,450.08","USD","2026/09/18 15:11:12"
"股票卖出费用","IQ","爱奇艺","-6.56","-5,560.08","USD","2026/09/17 22:53:17"
"股票卖出成交","IQ","爱奇艺","+575.00","-5,553.52","USD","2026/09/17 22:53:17"
"ETFs买入费用","SQQQ","三倍做空纳指ETF-ProShares","-2.29","-6,128.52","USD","2026/09/17 22:17:06"
"ETFs买入成交","SQQQ","三倍做空纳指ETF-ProShares","-3,868.00","-6,126.23","USD","2026/09/17 22:17:06"
"ETFs买入费用","SQQQ","三倍做空纳指ETF-ProShares","-2.14","-2,258.23","USD","2026/09/17 17:01:56"
"ETFs买入成交","SQQQ","三倍做空纳指ETF-ProShares","-1,965.00","-2,256.09","USD","2026/09/17 17:01:56"
"ETFs买入费用","SQQQ","三倍做空纳指ETF-ProShares","-2.14","-291.09","USD","2026/09/16 22:59:53"
"ETFs买入成交","SQQQ","三倍做空纳指ETF-ProShares","-1,980.00","-288.95","USD","2026/09/16 22:59:53"
"股票卖出费用","IQ","爱奇艺","-13.12","1,691.05","USD","2026/09/15 00:57:31"
"股票卖出成交","IQ","爱奇艺","+1,020.00","1,704.17","USD","2026/09/15 00:57:31"
"ETFs卖出费用","SQQQ","三倍做空纳指ETF-ProShares","-2.21","684.17","USD","2026/09/04 06:00:10"
"ETFs卖出成交","SQQQ","三倍做空纳指ETF-ProShares","+1,882.58","686.38","USD","2026/09/04 06:00:00"
"ETFs卖出成交","SQQQ","三倍做空纳指ETF-ProShares","+38.42","-1,196.20","USD","2026/09/04 05:18:06"
"ETFs买入费用","SQQQ","三倍做空纳指ETF-ProShares","-2.14","-1,234.62","USD","2026/09/03 23:28:01"
"ETFs买入成交","SQQQ","三倍做空纳指ETF-ProShares","-1,919.00","-1,232.48","USD","2026/09/03 23:27:49"
"股票买入费用","IQ","爱奇艺","-6.06","686.52","USD","2026/09/02 19:21:50"
"股票买入成交","IQ","爱奇艺","-455.50","692.58","USD","2026/09/02 19:21:38"
"融资/欠款利息","--","--","-0.56","1,148.08","USD","2026/09/02 02:00:35"
"股票买入费用","IQ","爱奇艺","-6.40","1,148.64","USD","2026/08/27 21:49:57"
"股票买入成交","IQ","爱奇艺","-490.00","1,155.04","USD","2026/08/27 21:49:44"
"股票买入费用","IQ","爱奇艺","-6.45","1,645.04","USD","2026/08/20 23:59:31"
"股票买入成交","IQ","爱奇艺","-525.00","1,651.49","USD","2026/08/20 23:59:20"
"ETFs买入费用","SQQQ","三倍做空纳指ETF-ProShares","-2.08","2,176.49","USD","2026/08/05 11:13:24"
"ETFs买入成交","SQQQ","三倍做空纳指ETF-ProShares","-1,116.60","2,178.57","USD","2026/08/05 11:13:15"
"ETFs买入费用","SQQQ","三倍做空纳指ETF-ProShares","-2.05","3,295.17","USD","2026/08/04 22:38:35"
"ETFs买入成交","SQQQ","三倍做空纳指ETF-ProShares","-771.60","3,297.22","USD","2026/08/04 22:38:20"
"ETFs买入费用","SQQQ","三倍做空纳指ETF-ProShares","-2.05","4,068.82","USD","2026/08/04 21:50:20"
"ETFs买入成交","SQQQ","三倍做空纳指ETF-ProShares","-780.40","4,070.87","USD","2026/08/04 21:50:05"
"ETFs买入费用","SQQQ","三倍做空纳指ETF-ProShares","-2.02","4,851.27","USD","2026/08/04 21:38:21"
"ETFs买入费用","SQQQ","三倍做空纳指ETF-ProShares","-2.02","4,853.29","USD","2026/08/04 21:36:51"
"ETFs买入成交","SQQQ","三倍做空纳指ETF-ProShares","-392.50","4,855.31","USD","2026/08/04 21:36:04"
"ETFs买入成交","SQQQ","三倍做空纳指ETF-ProShares","-393.80","5,247.81","USD","2026/08/04 21:34:57"
"银行转存","--","--","+8,192.30","5,641.61","USD","2026/08/04 08:51:08"
"融资/欠款利息","--","--","-6.16","-2,550.69","USD","2026/08/04 04:06:37"
"ETFs买入费用","SQQQ","三倍做空纳指ETF-ProShares","-2.02","-2,544.53","USD","2026/08/03 09:32:18"
"ETFs买入成交","SQQQ","三倍做空纳指ETF-ProShares","-427.80","-2,542.51","USD","2026/08/03 09:30:39"
"ETFs买入费用","SQQQ","三倍做空纳指ETF-ProShares","-2.08","-2,114.71","USD","2026/07/10 01:19:17"
"ETFs买入成交","SQQQ","三倍做空纳指ETF-ProShares","-1,140.00","-2,112.63","USD","2026/07/10 01:19:04"
"ETFs买入费用","SQQQ","三倍做空纳指ETF-ProShares","-2.08","-972.63","USD","2026/07/10 01:07:00"
"ETFs买入成交","SQQQ","三倍做空纳指ETF-ProShares","-1,145.40","-970.55","USD","2026/07/10 01:06:48"
"ETFs买入费用","SQQQ","三倍做空纳指ETF-ProShares","-2.05","174.85","USD","2026/07/10 01:01:00"
"ETFs买入成交","SQQQ","三倍做空纳指ETF-ProShares","-765.60","176.90","USD","2026/07/10 01:00:50"
"融资/欠款利息","--","--","-23.78","942.50","USD","2026/07/02 07:28:54"
"股息税","SQQQ","三倍做空纳指ETF-ProShares","-17.22","966.28","USD","2026/07/01 23:14:51"
"现金股息","SQQQ","三倍做空纳指ETF-ProShares","+172.16","983.50","USD","2026/07/01 23:13:59"
"银行转存","--","--","+6,992.30","811.34","USD","2026/06/30 10:48:07"
"融资/欠款利息","--","--","-27.40","-6,180.96","USD","2026/06/02 05:53:25"
"银行转存","--","--","+2,500.00","-6,153.56","USD","2026/05/07 09:36:09"
"融资/欠款利息","--","--","-19.55","-8,653.56","USD","2026/05/02 02:26:50"
"股票卖出费用","ADBE","Adobe","-2.05","-8,634.01","USD","2026/04/16 01:29:26"
"股票卖出成交","ADBE","Adobe","+1,227.00","-8,631.96","USD","2026/04/15 23:56:02"
"基金赎回","880006","易方达(香港)美元货币市场基金","+507.39","-9,858.96","USD","2026/04/15 06:18:56"
"股票卖出费用","IQ","爱奇艺","-13.13","-10,366.35","USD","2026/04/15 01:22:35"
"ETFs买入费用","SQQQ","三倍做空纳指ETF-ProShares","-2.05","-10,353.22","USD","2026/04/15 01:16:24"
"ETFs买入费用","SQQQ","三倍做空纳指ETF-ProShares","-2.07","-10,351.17","USD","2026/04/15 01:01:01"
"ETFs买入费用","SQQQ","三倍做空纳指ETF-ProShares","-2.07","-10,349.10","USD","2026/04/15 00:43:44"
"股票卖出成交","IQ","爱奇艺","+1,420.00","-10,347.03","USD","2026/04/15 00:02:06"
"ETFs买入成交","SQQQ","三倍做空纳指ETF-ProShares","-1,256.60","-11,767.03","USD","2026/04/14 23:54:53"
"ETFs买入成交","SQQQ","三倍做空纳指ETF-ProShares","-1,579.00","-10,510.43","USD","2026/04/14 23:38:58"
"股息税","SQQQ","三倍做空纳指ETF-ProShares","+18.98","-8,931.43","USD","2026/04/14 23:37:30"
"ETFs买入费用","SQQQ","三倍做空纳指ETF-ProShares","-2.07","-8,950.41","USD","2026/04/14 23:28:43"
"ETFs买入成交","SQQQ","三倍做空纳指ETF-ProShares","-1,586.50","-8,948.34","USD","2026/04/14 23:20:53"
"股息税","SQQQ","三倍做空纳指ETF-ProShares","+25.66","-7,361.84","USD","2026/04/14 23:17:30"
"ETFs买入费用","SQQQ","三倍做空纳指ETF-ProShares","-2.07","-7,387.50","USD","2026/04/14 23:17:06"
"ETFs买入成交","SQQQ","三倍做空纳指ETF-ProShares","-1,591.50","-7,385.43","USD","2026/04/14 22:21:55"
"ETFs买入成交","SQQQ","三倍做空纳指ETF-ProShares","-1,594.50","-5,793.93","USD","2026/04/14 22:14:38"
"ETFs买入费用","SQQQ","三倍做空纳指ETF-ProShares","-2.07","-4,199.43","USD","2026/04/14 21:39:35"
"ETFs买入成交","SQQQ","三倍做空纳指ETF-ProShares","-1,607.50","-4,197.36","USD","2026/04/14 21:31:54"
"ETFs买入费用","SQQQ","三倍做空纳指ETF-ProShares","-2.07","-2,589.86","USD","2026/04/14 17:29:03"
"ETFs买入费用","SQQQ","三倍做空纳指ETF-ProShares","-2.04","-2,587.79","USD","2026/04/14 17:22:09"
"ETFs买入成交","SQQQ","三倍做空纳指ETF-ProShares","-1,614.50","-2,585.75","USD","2026/04/14 17:01:36"
"ETFs买入成交","SQQQ","三倍做空纳指ETF-ProShares","-971.25","-971.25","USD","2026/04/14 16:30:18"
"基金赎回","880006","易方达(香港)美元货币市场基金","+1,801.76","-0.00","USD","2026/04/14 06:23:51"
"ETFs买入费用","SQQQ","三倍做空纳指ETF-ProShares","-2.07","-1,801.76","USD","2026/04/14 03:59:22"
"ETFs买入成交","SQQQ","三倍做空纳指ETF-ProShares","-589.50","-1,799.69","USD","2026/04/14 03:59:12"
"ETFs买入成交","SQQQ","三倍做空纳指ETF-ProShares","-1,048.00","-1,210.19","USD","2026/04/14 03:59:12"
"股票卖出费用","ADBE","Adobe","-2.04","-162.19","USD","2026/04/14 00:11:18"
"ETFs买入费用","SQQQ","三倍做空纳指ETF-ProShares","-2.05","-160.15","USD","2026/04/13 23:43:08"
"股票卖出成交","ADBE","Adobe","+1,171.00","-158.10","USD","2026/04/13 23:31:14"
"ETFs买入成交","SQQQ","三倍做空纳指ETF-ProShares","-1,342.00","-1,329.10","USD","2026/04/13 22:58:37"
"基金申购","880006","易方达(香港)美元货币市场基金","-2,309.10","12.90","USD","2026/04/13 08:37:11"
"股票卖出费用","ADBE","Adobe","-2.08","2,322.00","USD","2026/04/10 23:00:16"
"股票买入费用","ADBE","Adobe","-2.02","2,324.08","USD","2026/04/10 22:21:32"
"股票卖出成交","ADBE","Adobe","+2,270.00","2,326.10","USD","2026/04/10 22:18:03"
"股票买入成交","ADBE","Adobe","-2,254.00","56.10","USD","2026/04/10 21:51:00"
"ETFs卖出费用","SQQQ","三倍做空纳指ETF-ProShares","-2.37","2,310.10","USD","2026/04/10 05:58:08"
"ETFs卖出成交","SQQQ","三倍做空纳指ETF-ProShares","+5,443.20","2,312.47","USD","2026/04/10 05:57:58"
"股票卖出费用","ADBE","Adobe","-2.33","-3,130.73","USD","2026/04/10 05:53:03"
"股票卖出成交","ADBE","Adobe","+2,298.80","-3,128.40","USD","2026/04/10 05:52:53"
"股票卖出成交","ADBE","Adobe","+6,896.40","-5,427.20","USD","2026/04/10 05:52:52"
"股票买入费用","ADBE","Adobe","-2.05","-12,323.60","USD","2026/04/10 02:23:24"
"股票买入成交","ADBE","Adobe","-4,555.60","-12,321.55","USD","2026/04/10 02:23:15"
"股票买入费用","ADBE","Adobe","-2.04","-7,765.95","USD","2026/04/10 02:01:50"
"股票买入成交","ADBE","Adobe","-3,424.20","-7,763.91","USD","2026/04/10 02:01:42"
"股票买入费用","ADBE","Adobe","-2.01","-4,339.71","USD","2026/04/09 21:35:39"
"股票买入成交","ADBE","Adobe","-1,150.50","-4,337.70","USD","2026/04/09 21:35:27"
"ETFs卖出费用","SQQQ","三倍做空纳指ETF-ProShares","-2.14","-3,187.20","USD","2026/04/09 16:11:01"
"ETFs卖出成交","SQQQ","三倍做空纳指ETF-ProShares","+2,108.40","-3,185.06","USD","2026/04/09 16:09:32"
"ETFs卖出费用","SQQQ","三倍做空纳指ETF-ProShares","-2.14","-5,293.46","USD","2026/04/09 15:41:53"
"ETFs卖出成交","SQQQ","三倍做空纳指ETF-ProShares","+2,102.40","-5,291.32","USD","2026/04/09 15:41:43"
"基金赎回","880006","易方达(香港)美元货币市场基金","+4,925.56","-7,393.72","USD","2026/04/09 06:18:22"
"ETFs买入费用","SQQQ","三倍做空纳指ETF-ProShares","-2.17","-12,319.28","USD","2026/04/08 20:04:32"
"ETFs买入成交","SQQQ","三倍做空纳指ETF-ProShares","-4,068.00","-12,317.11","USD","2026/04/08 20:04:23"
"ETFs买入费用","SQQQ","三倍做空纳指ETF-ProShares","-2.11","-8,249.11","USD","2026/04/08 14:00:34"
"ETFs买入成交","SQQQ","三倍做空纳指ETF-ProShares","-2,730.00","-8,247.00","USD","2026/04/08 14:00:23"
"ETFs买入费用","SQQQ","三倍做空纳指ETF-ProShares","-2.11","-5,517.00","USD","2026/04/08 13:28:50"
"ETFs买入成交","SQQQ","三倍做空纳指ETF-ProShares","-2,743.20","-5,514.89","USD","2026/04/08 13:28:37"
"ETFs买入费用","SQQQ","三倍做空纳指ETF-ProShares","-2.05","-2,771.69","USD","2026/04/08 09:57:40"
"ETFs买入成交","SQQQ","三倍做空纳指ETF-ProShares","-1,381.60","-2,769.64","USD","2026/04/08 09:52:55"
"ETFs买入费用","SQQQ","三倍做空纳指ETF-ProShares","-2.05","-1,388.04","USD","2026/04/08 08:49:40"
"ETFs买入成交","SQQQ","三倍做空纳指ETF-ProShares","-1,386.00","-1,385.99","USD","2026/04/08 08:49:30"
"基金申购","880006","易方达(香港)美元货币市场基金","-2,403.27","0.01","USD","2026/04/07 08:36:31"
"基金申购","880006","易方达(香港)美元货币市场基金","-0.12","2,403.28","USD","2026/04/03 08:37:26"
"股息税","NVDA","英伟达","-0.02","2,403.40","USD","2026/04/02 17:43:56"
"现金股息","NVDA","英伟达","+0.15","2,403.42","USD","2026/04/02 17:34:29"
"股票卖出费用","ADBE","Adobe","-2.03","2,403.27","USD","2026/04/02 09:34:28"
"股票卖出成交","ADBE","Adobe","+2,405.30","2,405.30","USD","2026/04/02 09:31:38"
"基金赎回","880006","易方达(香港)美元货币市场基金","+3,001.04","-0.00","USD","2026/04/02 06:20:36"
"融资/欠款利息","--","--","-9.64","-3,001.04","USD","2026/04/02 05:00:24"
"股票买入费用","ADBE","Adobe","-2.02","-2,991.40","USD","2026/04/01 21:49:30"
"股票买入成交","ADBE","Adobe","-2,352.00","-2,989.38","USD","2026/04/01 21:49:18"
"股票买入费用","ADBE","Adobe","-2.02","-637.38","USD","2026/04/01 21:47:51"
"股票买入成交","ADBE","Adobe","-2,367.00","-635.36","USD","2026/04/01 21:47:40"
"ETFs卖出费用","GLD","黄金ETF-SPDR","-2.01","1,731.64","USD","2026/04/01 07:55:35"
"ETFs卖出成交","GLD","黄金ETF-SPDR","+1,724.00","1,733.65","USD","2026/04/01 07:55:25"
"基金申购","880006","易方达(香港)美元货币市场基金","-5,519.08","9.65","USD","2026/03/27 08:37:28"
"ETFs卖出费用","GLD","黄金ETF-SPDR","-2.02","5,528.73","USD","2026/03/25 09:49:38"
"ETFs卖出成交","GLD","黄金ETF-SPDR","+2,955.40","5,530.75","USD","2026/03/25 09:49:08"
"ETFs卖出费用","GLD","黄金ETF-SPDR","-2.03","2,575.35","USD","2026/03/25 09:11:44"
"ETFs卖出成交","GLD","黄金ETF-SPDR","+4,201.80","2,577.38","USD","2026/03/25 09:08:59"
"ETFs卖出费用","GLD","黄金ETF-SPDR","-2.08","-1,624.42","USD","2026/03/25 07:50:07"
"ETFs卖出成交","GLD","黄金ETF-SPDR","+10,450.00","-1,622.34","USD","2026/03/25 07:50:00"
"ETFs买入费用","GLD","黄金ETF-SPDR","-2.02","-12,072.34","USD","2026/03/23 15:19:18"
"ETFs买入成交","GLD","黄金ETF-SPDR","-3,780.00","-12,070.32","USD","2026/03/23 15:19:10"
"ETFs买入费用","GLD","黄金ETF-SPDR","-2.01","-8,290.32","USD","2026/03/23 15:08:20"
"ETFs买入成交","GLD","黄金ETF-SPDR","-1,906.00","-8,288.31","USD","2026/03/23 15:08:11"
"ETFs买入费用","GLD","黄金ETF-SPDR","-2.01","-6,382.31","USD","2026/03/23 14:44:05"
"ETFs买入成交","GLD","黄金ETF-SPDR","-1,156.50","-6,380.30","USD","2026/03/23 14:43:53"
"ETFs买入成交","GLD","黄金ETF-SPDR","-771.00","-5,223.80","USD","2026/03/23 14:43:53"
"ETFs买入费用","GLD","黄金ETF-SPDR","-2.01","-4,452.80","USD","2026/03/23 14:33:04"
"ETFs买入成交","GLD","黄金ETF-SPDR","-1,942.00","-4,450.79","USD","2026/03/23 14:32:52"
"ETFs买入费用","GLD","黄金ETF-SPDR","-2.01","-2,508.79","USD","2026/03/23 14:30:24"
"ETFs买入成交","GLD","黄金ETF-SPDR","-1,947.85","-2,506.78","USD","2026/03/23 14:30:09"
"ETFs买入费用","GLD","黄金ETF-SPDR","-2.01","-558.93","USD","2026/03/20 22:15:31"
"ETFs买入成交","GLD","黄金ETF-SPDR","-2,104.00","-556.92","USD","2026/03/20 22:15:20"
"ETFs卖出费用","GLD","黄金ETF-SPDR","-2.05","1,547.08","USD","2026/03/20 16:24:38"
"ETFs卖出成交","GLD","黄金ETF-SPDR","+6,520.50","1,549.13","USD","2026/03/20 16:21:38"
"ETFs卖出费用","GLD","黄金ETF-SPDR","-2.05","-4,971.37","USD","2026/03/20 16:19:03"
"ETFs卖出成交","GLD","黄金ETF-SPDR","+7,803.00","-4,969.32","USD","2026/03/20 16:16:19"
"基金赎回","880006","易方达(香港)美元货币市场基金","+5,753.11","-12,772.32","USD","2026/03/20 06:18:50"
"ETFs买入费用","GLD","黄金ETF-SPDR","-2.01","-18,525.43","USD","2026/03/19 20:14:13"
"ETFs买入成交","GLD","黄金ETF-SPDR","-3,392.00","-18,523.42","USD","2026/03/19 20:14:02"
"ETFs买入费用","GLD","黄金ETF-SPDR","-2.02","-15,131.42","USD","2026/03/19 20:00:38"
"ETFs买入成交","GLD","黄金ETF-SPDR","-4,272.00","-15,129.40","USD","2026/03/19 20:00:27"
"ETFs买入费用","GLD","黄金ETF-SPDR","-2.02","-10,857.40","USD","2026/03/19 16:42:34"
"ETFs买入成交","GLD","黄金ETF-SPDR","-4,310.00","-10,855.38","USD","2026/03/19 16:42:23"
"ETFs买入费用","GLD","黄金ETF-SPDR","-2.01","-6,545.38","USD","2026/03/19 16:13:27"
"ETFs买入成交","GLD","黄金ETF-SPDR","-2,164.00","-6,543.37","USD","2026/03/19 16:11:32"
"ETFs买入费用","GLD","黄金ETF-SPDR","-2.01","-4,379.37","USD","2026/03/19 14:50:58"
"ETFs买入成交","GLD","黄金ETF-SPDR","-2,184.00","-4,377.36","USD","2026/03/19 14:50:44"
"ETFs买入费用","GLD","黄金ETF-SPDR","-2.01","-2,193.36","USD","2026/03/19 14:46:17"
"ETFs买入成交","GLD","黄金ETF-SPDR","-2,194.00","-2,191.35","USD","2026/03/19 14:46:05"
"基金申购","880006","易方达(香港)美元货币市场基金","-5,752.68","2.65","USD","2026/03/18 08:37:01"
"ETFs卖出费用","GLD","黄金ETF-SPDR","-2.05","5,755.33","USD","2026/03/16 22:08:54"
"ETFs卖出成交","GLD","黄金ETF-SPDR","+6,939.00","5,757.38","USD","2026/03/16 22:08:41"
"ETFs卖出费用","GLD","黄金ETF-SPDR","-2.08","-1,181.62","USD","2026/03/16 21:16:30"
"ETFs卖出成交","GLD","黄金ETF-SPDR","+12,474.00","-1,179.54","USD","2026/03/16 21:16:18"
"股票卖出费用","TDOC","Teladoc Health","-2.18","-13,653.54","USD","2026/03/16 17:06:25"
"股票卖出成交","TDOC","Teladoc Health","+226.38","-13,651.36","USD","2026/03/16 17:06:14"
"股票卖出成交","TDOC","Teladoc Health","+5.40","-13,877.74","USD","2026/03/16 17:06:14"
"股票卖出成交","TDOC","Teladoc Health","+5.40","-13,883.14","USD","2026/03/16 17:06:14"
"股票卖出成交","TDOC","Teladoc Health","+32.40","-13,888.54","USD","2026/03/16 17:06:13"
"ETFs买入费用","GLD","黄金ETF-SPDR","-2.01","-13,920.94","USD","2026/03/16 16:44:09"
"ETFs买入成交","GLD","黄金ETF-SPDR","-3,206.00","-13,918.93","USD","2026/03/16 16:43:57"
"股票卖出费用","NVDA","英伟达","-2.05","-10,712.93","USD","2026/03/16 09:16:01"
"股票卖出成交","NVDA","英伟达","+2,725.50","-10,710.88","USD","2026/03/16 09:15:52"
"基金赎回","880006","易方达(香港)美元货币市场基金","+4,997.18","-13,436.38","USD","2026/03/14 08:10:30"
"ETFs买入费用","GLD","黄金ETF-SPDR","-2.11","-18,433.56","USD","2026/03/14 07:53:46"
"ETFs买入成交","GLD","黄金ETF-SPDR","-18,431.45","-18,431.45","USD","2026/03/14 07:53:38"
"基金赎回","880006","易方达(香港)美元货币市场基金","+655.59","-0.00","USD","2026/03/13 06:16:26"
"股票买入费用","IQ","爱奇艺","-6.45","-655.59","USD","2026/03/12 22:53:24"
"股票买入成交","IQ","爱奇艺","-650.00","-649.14","USD","2026/03/12 22:53:14"
"基金申购","880006","易方达(香港)美元货币市场基金","-1,848.97","0.86","USD","2026/03/12 08:36:51"
"基金申购","880006","易方达(香港)美元货币市场基金","-3,803.07","1,849.83","USD","2026/03/11 08:36:50"
"股票卖出费用","NVDA","英伟达","-2.03","5,652.90","USD","2026/03/10 22:48:14"
"股票卖出成交","NVDA","英伟达","+1,851.00","5,654.93","USD","2026/03/10 22:48:03"
"股票卖出费用","NVDA","英伟达","-2.08","3,803.93","USD","2026/03/10 04:04:57"
"股票卖出成交","NVDA","英伟达","+4,560.00","3,806.01","USD","2026/03/10 04:04:47"
"股票卖出费用","NVDA","英伟达","-2.09","-753.99","USD","2026/03/10 00:36:48"
"股票卖出成交","NVDA","英伟达","+5,424.00","-751.90","USD","2026/03/10 00:36:39"
"股票卖出费用","NVDA","英伟达","-2.09","-6,175.90","USD","2026/03/09 23:53:17"
"股票卖出成交","NVDA","英伟达","+5,394.00","-6,173.81","USD","2026/03/09 23:53:05"
"股票买入费用","NVDA","英伟达","-2.02","-11,567.81","USD","2026/03/09 10:09:56"
"股票买入成交","NVDA","英伟达","-1,730.00","-11,565.79","USD","2026/03/09 10:07:16"
"股票买入费用","NVDA","英伟达","-2.05","-9,835.79","USD","2026/03/09 08:14:15"
"股票买入成交","NVDA","英伟达","-3,490.00","-9,833.74","USD","2026/03/09 08:14:07"
"基金赎回","880006","易方达(香港)美元货币市场基金","+2,533.37","-6,343.74","USD","2026/03/07 06:18:13"
"股票买入费用","NVDA","英伟达","-2.05","-8,877.11","USD","2026/03/07 04:37:22"
"股票买入成交","NVDA","英伟达","-3,538.00","-8,875.06","USD","2026/03/07 04:37:11"
"股票买入费用","NVDA","英伟达","-2.02","-5,337.06","USD","2026/03/07 04:28:20"
"股票买入成交","NVDA","英伟达","-1,770.00","-5,335.04","USD","2026/03/07 04:28:11"
"股票买入费用","NVDA","英伟达","-2.02","-3,565.04","USD","2026/03/07 04:25:57"
"股票买入成交","NVDA","英伟达","-1,777.00","-3,563.02","USD","2026/03/07 04:25:44"
"股票买入费用","NVDA","英伟达","-2.02","-1,786.02","USD","2026/03/07 04:13:34"
"股票买入成交","NVDA","英伟达","-1,784.00","-1,784.00","USD","2026/03/07 04:13:24"
"基金赎回","880006","易方达(香港)美元货币市场基金","+299.22","-0.00","USD","2026/03/06 06:14:56"
"股票买入费用","IQ","爱奇艺","-6.45","-299.22","USD","2026/03/06 01:33:57"
"股票买入成交","IQ","爱奇艺","-725.00","-292.77","USD","2026/03/06 01:33:46"
"股票买入费用","IQ","爱奇艺","-2.59","432.23","USD","2026/03/05 00:29:44"
"股票买入成交","IQ","爱奇艺","-292.00","434.82","USD","2026/03/05 00:29:34"
"股票买入费用","IQ","爱奇艺","-5.16","726.82","USD","2026/03/04 01:02:18"
"股票买入成交","IQ","爱奇艺","-596.00","731.98","USD","2026/03/04 01:02:06"
"股票卖出费用","ADBE","Adobe","-2.02","1,327.98","USD","2026/03/03 22:36:34"
"股票卖出成交","ADBE","Adobe","+1,330.00","1,330.00","USD","2026/03/03 22:33:56"
"基金赎回","880006","易方达(香港)美元货币市场基金","+1,593.88","-0.00","USD","2026/03/03 06:24:42"
"股票卖出费用","IQ","爱奇艺","-2.31","-1,593.88","USD","2026/03/02 15:40:03"
"股票卖出成交","IQ","爱奇艺","+160.00","-1,591.57","USD","2026/03/02 15:39:52"
"股票买入费用","NVDA","英伟达","-2.01","-1,751.57","USD","2026/03/02 13:58:56"
"股票买入成交","NVDA","英伟达","-872.50","-1,749.56","USD","2026/03/02 13:58:46"
"股票买入费用","NVDA","英伟达","-2.01","-877.06","USD","2026/03/02 13:52:49"
"股票买入成交","NVDA","英伟达","-875.05","-875.05","USD","2026/03/02 13:52:40"
"基金赎回","880006","易方达(香港)美元货币市场基金","+318.59","-0.00","USD","2026/02/28 06:17:40"
"股票买入费用","IQ","爱奇艺","-2.59","-318.59","USD","2026/02/28 00:45:45"
"股票买入成交","IQ","爱奇艺","-316.00","-316.00","USD","2026/02/28 00:45:34"
"基金赎回","880006","易方达(香港)美元货币市场基金","+1,359.90","-0.00","USD","2026/02/27 06:18:16"
"股票买入费用","IQ","爱奇艺","-3.87","-1,359.90","USD","2026/02/27 00:45:29"
"股票买入成交","IQ","爱奇艺","-495.00","-1,356.03","USD","2026/02/27 00:45:19"
"股票买入费用","NVDA","英伟达","-2.02","-861.03","USD","2026/02/26 23:34:34"
"股票买入成交","NVDA","英伟达","-1,848.00","-859.01","USD","2026/02/26 23:34:09"
"股票买入费用","NVDA","英伟达","-2.02","988.99","USD","2026/02/26 23:17:07"
"股票买入成交","NVDA","英伟达","-1,866.00","991.01","USD","2026/02/26 23:16:22"
"股票卖出费用","TDOC","Teladoc Health","-2.15","2,857.01","USD","2026/02/26 22:35:40"
"股票卖出费用","TDOC","Teladoc Health","-2.15","2,859.16","USD","2026/02/26 22:34:42"
"股票卖出成交","TDOC","Teladoc Health","+257.50","2,861.31","USD","2026/02/26 22:34:33"
"股票卖出成交","TDOC","Teladoc Health","+251.00","2,603.81","USD","2026/02/26 22:33:34"
"股票卖出费用","ADBE","Adobe","-2.05","2,352.81","USD","2026/02/26 22:19:53"
"股票卖出成交","ADBE","Adobe","+1,294.00","2,354.86","USD","2026/02/26 22:19:41"
"股票卖出成交","ADBE","Adobe","+1,294.00","1,060.86","USD","2026/02/26 22:19:41"
"股票买入费用","TDOC","Teladoc Health","-2.14","-233.14","USD","2026/02/26 14:12:25"
"股票买入成交","TDOC","Teladoc Health","-231.00","-231.00","USD","2026/02/26 14:12:14"
"基金赎回","880006","易方达(香港)美元货币市场基金","+2,466.52","-0.00","USD","2026/02/24 06:16:12"
"股票买入费用","ADBE","Adobe","-2.01","-2,466.52","USD","2026/02/24 00:55:33"
"股票买入成交","ADBE","Adobe","-1,229.00","-2,464.51","USD","2026/02/24 00:55:24"
"股票买入费用","ADBE","Adobe","-2.01","-1,235.51","USD","2026/02/23 23:07:55"
"股票买入成交","ADBE","Adobe","-1,233.50","-1,233.50","USD","2026/02/23 23:07:43"
"基金赎回","880006","易方达(香港)美元货币市场基金","+1,775.87","-0.00","USD","2026/02/21 06:16:45"
"股票买入费用","TDOC","Teladoc Health","-2.29","-1,775.87","USD","2026/02/20 23:58:28"
"股票买入成交","TDOC","Teladoc Health","-478.00","-1,773.58","USD","2026/02/20 23:58:16"
"股票买入费用","ADBE","Adobe","-2.01","-1,295.58","USD","2026/02/20 23:27:44"
"股票买入成交","ADBE","Adobe","-1,293.58","-1,293.57","USD","2026/02/20 23:27:34"
"基金申购","880006","易方达(香港)美元货币市场基金","-10,332.08","0.01","USD","2026/02/09 10:29:52"
"银行转存","--","--","+10,000.00","10,332.09","USD","2026/02/06 10:15:09"
"融资/欠款利息","--","--","-23.57","332.09","USD","2025/11/04 06:34:39"
"货币兑换","--","--","+84.70","355.66","USD","2025/10/30 09:36:46"
"货币兑换","--","--","-659.21","0.00","HKD","2025/10/30 09:36:46"
"银行转取","--","--","-3,200.00","270.96","USD","2025/10/30 09:03:03"
"ETFs卖出费用","SQQQ","三倍做空纳指ETF-ProShares","-8.66","3,470.96","USD","2025/10/29 15:23:46"
"ETFs卖出成交","SQQQ","三倍做空纳指ETF-ProShares","+8,434.36","3,479.62","USD","2025/10/29 15:23:34"
"ETFs卖出费用","SQQQ","三倍做空纳指ETF-ProShares","-2.09","-4,954.74","USD","2025/10/27 21:33:41"
"ETFs卖出成交","SQQQ","三倍做空纳指ETF-ProShares","+415.56","-4,952.65","USD","2025/10/27 21:31:44"
"ETFs卖出费用","SQQQ","三倍做空纳指ETF-ProShares","-2.13","-5,368.21","USD","2025/10/25 03:07:55"
"ETFs卖出成交","SQQQ","三倍做空纳指ETF-ProShares","+583.59","-5,366.08","USD","2025/10/25 03:07:46"
"ETFs卖出费用","SQQQ","三倍做空纳指ETF-ProShares","-2.04","-5,949.67","USD","2025/10/20 21:35:54"
"ETFs卖出成交","SQQQ","三倍做空纳指ETF-ProShares","+188.94","-5,947.63","USD","2025/10/20 21:34:17"
"ETFs卖出费用","SQQQ","三倍做空纳指ETF-ProShares","-2.06","-6,136.56","USD","2025/10/06 21:35:29"
"ETFs卖出成交","SQQQ","三倍做空纳指ETF-ProShares","+294.40","-6,134.50","USD","2025/10/06 21:32:33"
"ETFs卖出费用","SQQQ","三倍做空纳指ETF-ProShares","-2.05","-6,428.91","USD","2025/10/04 03:02:49"
"ETFs卖出成交","SQQQ","三倍做空纳指ETF-ProShares","+240.64","-6,426.86","USD","2025/10/04 03:02:38"
"融资/欠款利息","--","--","-31.12","-6,667.50","USD","2025/10/02 16:20:04"
"股息税","SQQQ","三倍做空纳指ETF-ProShares","-19.00","-6,636.38","USD","2025/10/01 21:02:29"
"现金股息","SQQQ","三倍做空纳指ETF-ProShares","+190.05","-6,617.38","USD","2025/10/01 21:00:33"
"ETFs卖出费用","SQQQ","三倍做空纳指ETF-ProShares","-2.12","-6,807.43","USD","2025/09/20 03:08:05"
"ETFs卖出成交","SQQQ","三倍做空纳指ETF-ProShares","+640.62","-6,805.31","USD","2025/09/20 03:07:56"
"ETFs卖出费用","SQQQ","三倍做空纳指ETF-ProShares","-2.01","-7,445.93","USD","2025/09/15 22:02:30"
"ETFs卖出费用","SQQQ","三倍做空纳指ETF-ProShares","-2.04","-7,443.92","USD","2025/09/15 22:00:13"
"ETFs卖出成交","SQQQ","三倍做空纳指ETF-ProShares","+48.76","-7,441.88","USD","2025/09/15 21:59:30"
"ETFs卖出成交","SQQQ","三倍做空纳指ETF-ProShares","+195.51","-7,490.65","USD","2025/09/15 21:55:59"
"ETFs卖出费用","SQQQ","三倍做空纳指ETF-ProShares","-2.14","-7,686.15","USD","2025/09/13 03:03:00"
"ETFs卖出成交","SQQQ","三倍做空纳指ETF-ProShares","+741.32","-7,684.01","USD","2025/09/13 03:02:50"
"ETFs卖出费用","SQQQ","三倍做空纳指ETF-ProShares","-2.04","-8,425.33","USD","2025/09/08 21:37:41"
"ETFs卖出成交","SQQQ","三倍做空纳指ETF-ProShares","+240.24","-8,423.29","USD","2025/09/08 21:35:17"
"融资/欠款利息","--","--","-37.06","-8,663.53","USD","2025/09/02 01:51:36"
"ETFs卖出费用","SQQQ","三倍做空纳指ETF-ProShares","-2.04","-8,626.47","USD","2025/08/16 03:07:37"
"ETFs卖出成交","SQQQ","三倍做空纳指ETF-ProShares","+224.90","-8,624.43","USD","2025/08/16 03:07:28"
"ETFs卖出费用","SQQQ","三倍做空纳指ETF-ProShares","-2.12","-8,849.33","USD","2025/08/09 03:02:27"
"ETFs卖出成交","SQQQ","三倍做空纳指ETF-ProShares","+700.01","-8,847.21","USD","2025/08/09 03:02:15"
"融资/欠款利息","--","--","-42.21","-9,547.23","USD","2025/08/02 04:59:20"
"ETFs卖出费用","SQQQ","三倍做空纳指ETF-ProShares","-2.03","-9,505.02","USD","2025/07/28 22:01:04"
"ETFs卖出成交","SQQQ","三倍做空纳指ETF-ProShares","+198.15","-9,502.99","USD","2025/07/28 22:00:53"
"ETFs卖出费用","SQQQ","三倍做空纳指ETF-ProShares","-2.03","-9,701.13","USD","2025/07/26 03:15:06"
"ETFs卖出成交","SQQQ","三倍做空纳指ETF-ProShares","+200.13","-9,699.10","USD","2025/07/26 03:14:58"
"ETFs卖出费用","SQQQ","三倍做空纳指ETF-ProShares","-2.04","-9,899.23","USD","2025/07/21 21:49:37"
"ETFs卖出成交","SQQQ","三倍做空纳指ETF-ProShares","+220.11","-9,897.19","USD","2025/07/21 21:49:26"
"ETFs卖出费用","SQQQ","三倍做空纳指ETF-ProShares","-2.05","-10,117.30","USD","2025/07/21 21:36:57"
"ETFs卖出成交","SQQQ","三倍做空纳指ETF-ProShares","+277.80","-10,115.25","USD","2025/07/21 21:35:26"
"股息税","SQQQ","三倍做空纳指ETF-ProShares","-25.66","-10,393.05","USD","2025/07/02 20:13:05"
"现金股息","SQQQ","三倍做空纳指ETF-ProShares","+256.63","-10,367.39","USD","2025/07/02 20:11:26"
"融资/欠款利息","--","--","-42.30","-10,624.02","USD","2025/07/02 01:33:16"
"融资/欠款利息","--","--","-28.61","-10,581.72","USD","2025/06/03 02:13:41"
"ETFs买入费用","SQQQ","三倍做空纳指ETF-ProShares","-2.14","-10,553.11","USD","2025/05/21 23:14:24"
"ETFs买入成交","SQQQ","三倍做空纳指ETF-ProShares","-1,168.00","-10,550.97","USD","2025/05/21 23:14:12"
"ETFs卖出费用","SQQQ","三倍做空纳指ETF-ProShares","-2.15","-9,382.97","USD","2025/05/15 07:11:48"
"ETFs卖出成交","SQQQ","三倍做空纳指ETF-ProShares","+1,191.00","-9,380.82","USD","2025/05/15 07:11:37"
"ETFs买入费用","SQQQ","三倍做空纳指ETF-ProShares","-2.14","-10,571.82","USD","2025/05/15 00:05:45"
"ETFs买入成交","SQQQ","三倍做空纳指ETF-ProShares","-1,187.50","-10,569.68","USD","2025/05/15 00:05:34"
"ETFs卖出费用","SQQQ","三倍做空纳指ETF-ProShares","-2.38","-9,382.18","USD","2025/05/14 04:08:54"
"ETFs卖出成交","SQQQ","三倍做空纳指ETF-ProShares","+2,420.00","-9,379.80","USD","2025/05/14 04:08:46"
"ETFs买入费用","SQQQ","三倍做空纳指ETF-ProShares","-2.14","-11,799.80","USD","2025/05/14 00:48:05"
"ETFs买入成交","SQQQ","三倍做空纳指ETF-ProShares","-1,197.50","-11,797.66","USD","2025/05/14 00:47:55"
"ETFs买入费用","SQQQ","三倍做空纳指ETF-ProShares","-2.14","-10,600.16","USD","2025/05/13 23:27:12"
"ETFs买入成交","SQQQ","三倍做空纳指ETF-ProShares","-1,205.00","-10,598.02","USD","2025/05/13 23:27:00"
"ETFs买入费用","SQQQ","三倍做空纳指ETF-ProShares","-2.14","-9,393.02","USD","2025/05/13 21:57:36"
"ETFs买入成交","SQQQ","三倍做空纳指ETF-ProShares","-1,233.50","-9,390.88","USD","2025/05/13 21:57:24"
"ETFs买入费用","SQQQ","三倍做空纳指ETF-ProShares","-2.14","-8,157.38","USD","2025/05/13 21:42:17"
"ETFs买入成交","SQQQ","三倍做空纳指ETF-ProShares","-1,242.50","-8,155.24","USD","2025/05/13 21:41:28"
"ETFs卖出费用","SOXS","三倍做空半导体ETF-Direxion","-4.03","-6,912.74","USD","2025/05/13 03:36:11"
"ETFs卖出成交","SOXS","三倍做空半导体ETF-Direxion","+3,840.00","-6,908.71","USD","2025/05/13 03:36:01"
"ETFs买入费用","SOXS","三倍做空半导体ETF-Direxion","-2.29","-10,748.71","USD","2025/05/13 01:06:57"
"ETFs买入成交","SOXS","三倍做空半导体ETF-Direxion","-1,231.00","-10,746.42","USD","2025/05/13 01:06:48"
"ETFs买入费用","SOXS","三倍做空半导体ETF-Direxion","-2.29","-9,515.42","USD","2025/05/13 00:12:14"
"ETFs买入成交","SOXS","三倍做空半导体ETF-Direxion","-1,255.00","-9,513.13","USD","2025/05/13 00:12:04"
"ETFs买入费用","SOXS","三倍做空半导体ETF-Direxion","-2.29","-8,258.13","USD","2025/05/13 00:05:20"
"ETFs买入成交","SOXS","三倍做空半导体ETF-Direxion","-1,263.00","-8,255.84","USD","2025/05/13 00:05:10"
"ETFs买入费用","SQQQ","三倍做空纳指ETF-ProShares","-2.14","-6,992.84","USD","2025/05/12 18:59:32"
"ETFs买入成交","SQQQ","三倍做空纳指ETF-ProShares","-1,261.00","-6,990.70","USD","2025/05/12 18:59:25"
"ETFs买入费用","SQQQ","三倍做空纳指ETF-ProShares","-2.14","-5,729.70","USD","2025/05/12 15:27:09"
"ETFs买入成交","SQQQ","三倍做空纳指ETF-ProShares","-1,272.50","-5,727.56","USD","2025/05/12 15:26:53"
"ETFs买入费用","SQQQ","三倍做空纳指ETF-ProShares","-2.29","-4,455.06","USD","2025/05/12 15:25:04"
"ETFs买入成交","SQQQ","三倍做空纳指ETF-ProShares","-2,553.00","-4,452.77","USD","2025/05/12 15:24:48"
"ETFs买入费用","SQQQ","三倍做空纳指ETF-ProShares","-2.14","-1,899.77","USD","2025/05/12 15:23:15"
"ETFs买入成交","SQQQ","三倍做空纳指ETF-ProShares","-1,280.50","-1,897.63","USD","2025/05/12 15:22:36"
"ETFs买入费用","SQQQ","三倍做空纳指ETF-ProShares","-2.14","-617.13","USD","2025/05/12 15:17:20"
"ETFs买入成交","SQQQ","三倍做空纳指ETF-ProShares","-1,284.00","-614.99","USD","2025/05/12 15:14:43"
"ETFs买入费用","SQQQ","三倍做空纳指ETF-ProShares","-2.14","669.01","USD","2025/05/12 14:39:48"
"ETFs买入成交","SQQQ","三倍做空纳指ETF-ProShares","-1,345.00","671.15","USD","2025/05/12 14:39:35"
"ETFs买入费用","SQQQ","三倍做空纳指ETF-ProShares","-2.14","2,016.15","USD","2025/05/08 17:39:29"
"ETFs买入成交","SQQQ","三倍做空纳指ETF-ProShares","-1,415.00","2,018.29","USD","2025/05/08 17:39:22"
"ETFs买入费用","SQQQ","三倍做空纳指ETF-ProShares","-2.14","3,433.29","USD","2025/05/08 16:50:46"
"ETFs买入成交","SQQQ","三倍做空纳指ETF-ProShares","-1,420.00","3,435.43","USD","2025/05/08 16:50:38"
"ETFs买入费用","SQQQ","三倍做空纳指ETF-ProShares","-2.14","4,855.43","USD","2025/05/08 12:08:20"
"ETFs买入成交","SQQQ","三倍做空纳指ETF-ProShares","-1,431.00","4,857.57","USD","2025/05/08 12:08:12"
"ETFs买入费用","SQQQ","三倍做空纳指ETF-ProShares","-2.14","6,288.57","USD","2025/05/08 11:17:45"
"ETFs买入成交","SQQQ","三倍做空纳指ETF-ProShares","-1,440.00","6,290.71","USD","2025/05/08 11:17:34"
"ETFs买入费用","SQQQ","三倍做空纳指ETF-ProShares","-2.29","7,730.71","USD","2025/05/07 00:14:23"
"ETFs买入成交","SQQQ","三倍做空纳指ETF-ProShares","-2,940.00","7,733.00","USD","2025/05/07 00:14:13"
"ETFs卖出费用","SQQQ","三倍做空纳指ETF-ProShares","-2.39","10,673.00","USD","2025/05/06 13:58:29"
"ETFs卖出成交","SQQQ","三倍做空纳指ETF-ProShares","+2,975.00","10,675.39","USD","2025/05/06 13:58:19"
"ETFs卖出费用","SQQQ","三倍做空纳指ETF-ProShares","-2.39","7,700.39","USD","2025/05/06 13:51:35"
"ETFs卖出成交","SQQQ","三倍做空纳指ETF-ProShares","+2,968.00","7,702.78","USD","2025/05/06 13:51:26"
"ETFs卖出费用","SQQQ","三倍做空纳指ETF-ProShares","-2.79","4,734.78","USD","2025/05/06 10:05:17"
"ETFs卖出成交","SQQQ","三倍做空纳指ETF-ProShares","+5,213.12","4,737.57","USD","2025/05/06 10:05:07"
"ETFs卖出成交","SQQQ","三倍做空纳指ETF-ProShares","+710.88","-475.55","USD","2025/05/06 09:53:55"
"ETFs卖出费用","SQQQ","三倍做空纳指ETF-ProShares","-2.80","-1,186.43","USD","2025/05/06 09:41:09"
"ETFs卖出成交","SQQQ","三倍做空纳指ETF-ProShares","+3,963.72","-1,183.63","USD","2025/05/06 09:38:30"
"ETFs卖出成交","SQQQ","三倍做空纳指ETF-ProShares","+177.48","-5,147.35","USD","2025/05/06 09:38:26"
"ETFs卖出成交","SQQQ","三倍做空纳指ETF-ProShares","+1,774.80","-5,324.83","USD","2025/05/06 09:38:16"
"ETFs买入费用","SQQQ","三倍做空纳指ETF-ProShares","-2.29","-7,099.63","USD","2025/05/06 00:06:28"
"ETFs买入成交","SQQQ","三倍做空纳指ETF-ProShares","-2,886.00","-7,097.34","USD","2025/05/06 00:06:20"
"ETFs卖出费用","SQQQ","三倍做空纳指ETF-ProShares","-2.39","-4,211.34","USD","2025/05/05 09:50:23"
"ETFs卖出成交","SQQQ","三倍做空纳指ETF-ProShares","+2,935.00","-4,208.95","USD","2025/05/05 09:50:12"
"ETFs卖出费用","SQQQ","三倍做空纳指ETF-ProShares","-3.89","-7,143.95","USD","2025/05/05 09:27:01"
"ETFs卖出成交","SQQQ","三倍做空纳指ETF-ProShares","+8,153.60","-7,140.06","USD","2025/05/05 09:26:51"
"ETFs买入费用","SQQQ","三倍做空纳指ETF-ProShares","-2.23","-15,293.66","USD","2025/05/03 00:02:52"
"ETFs买入成交","SQQQ","三倍做空纳指ETF-ProShares","-2,272.00","-15,291.43","USD","2025/05/03 00:02:40"
"ETFs买入费用","SQQQ","三倍做空纳指ETF-ProShares","-2.29","-13,019.43","USD","2025/05/02 22:17:09"
"ETFs买入成交","SQQQ","三倍做空纳指ETF-ProShares","-2,870.00","-13,017.14","USD","2025/05/02 22:16:57"
"ETFs买入费用","SQQQ","三倍做空纳指ETF-ProShares","-2.29","-10,147.14","USD","2025/05/02 22:16:37"
"ETFs买入成交","SQQQ","三倍做空纳指ETF-ProShares","-2,876.00","-10,144.85","USD","2025/05/02 22:16:25"
"ETFs买入费用","SQQQ","三倍做空纳指ETF-ProShares","-2.29","-7,268.85","USD","2025/05/02 22:07:00"
"ETFs买入成交","SQQQ","三倍做空纳指ETF-ProShares","-2,883.00","-7,266.56","USD","2025/05/02 22:06:50"
"ETFs买入费用","SQQQ","三倍做空纳指ETF-ProShares","-2.29","-4,383.56","USD","2025/05/02 22:03:25"
"ETFs买入成交","SQQQ","三倍做空纳指ETF-ProShares","-2,890.00","-4,381.27","USD","2025/05/02 22:03:12"
"ETFs买入费用","SQQQ","三倍做空纳指ETF-ProShares","-2.29","-1,491.27","USD","2025/05/01 23:15:27"
"ETFs买入成交","SQQQ","三倍做空纳指ETF-ProShares","-2,893.00","-1,488.98","USD","2025/05/01 23:15:11"
"ETFs买入费用","SQQQ","三倍做空纳指ETF-ProShares","-2.29","1,404.02","USD","2025/05/01 23:11:00"
"ETFs买入成交","SQQQ","三倍做空纳指ETF-ProShares","-2,902.00","1,406.31","USD","2025/05/01 23:10:48"
"ETFs买入费用","SQQQ","三倍做空纳指ETF-ProShares","-2.14","4,308.31","USD","2025/05/01 22:56:37"
"ETFs买入成交","SQQQ","三倍做空纳指ETF-ProShares","-1,457.50","4,310.45","USD","2025/05/01 22:56:26"
"ETFs买入费用","SQQQ","三倍做空纳指ETF-ProShares","-2.14","5,767.95","USD","2025/05/01 22:48:12"
"ETFs买入成交","SQQQ","三倍做空纳指ETF-ProShares","-1,460.00","5,770.09","USD","2025/05/01 22:48:00"
"融资/欠款利息","--","--","-1.64","7,230.09","USD","2025/05/01 20:40:27"
"融资/欠款利息","--","--","-42.74","659.21","HKD","2025/05/01 20:40:27"
"融券费用","--","--","-22.86","701.95","HKD","2025/05/01 20:40:27"
"融券费用","--","--","-19.39","7,231.73","USD","2025/05/01 20:40:26"
"ETFs买入费用","SQQQ","三倍做空纳指ETF-ProShares","-2.14","7,251.12","USD","2025/05/01 17:52:06"
"ETFs买入成交","SQQQ","三倍做空纳指ETF-ProShares","-1,467.50","7,253.26","USD","2025/05/01 17:51:56"
"ETFs买入费用","SQQQ","三倍做空纳指ETF-ProShares","-2.14","8,720.76","USD","2025/05/01 16:48:36"
"ETFs买入成交","SQQQ","三倍做空纳指ETF-ProShares","-1,475.00","8,722.90","USD","2025/05/01 16:48:23"
"ETFs卖出费用","SQQQ","三倍做空纳指ETF-ProShares","-4.19","10,197.90","USD","2025/04/29 01:29:57"
"ETFs卖出成交","SQQQ","三倍做空纳指ETF-ProShares","+9,870.00","10,202.09","USD","2025/04/29 01:29:46"
"ETFs卖出费用","SQQQ","三倍做空纳指ETF-ProShares","-5.17","332.09","USD","2025/04/29 01:28:22"
"ETFs卖出成交","SQQQ","三倍做空纳指ETF-ProShares","+12,136.00","337.26","USD","2025/04/29 01:28:12"
"股票买入费用","00981","中芯国际","-80.49","724.81","HKD","2025/04/28 15:22:09"
"股票买入成交","00981","中芯国际","-45,400.00","805.30","HKD","2025/04/28 15:22:01"
"ETFs买入费用","SQQQ","三倍做空纳指ETF-ProShares","-2.20","-11,798.74","USD","2025/04/26 02:22:41"
"ETFs买入成交","SQQQ","三倍做空纳指ETF-ProShares","-2,229.50","-11,796.54","USD","2025/04/26 02:22:32"
"ETFs买入费用","SQQQ","三倍做空纳指ETF-ProShares","-2.29","-9,567.04","USD","2025/04/26 01:24:24"
"ETFs买入成交","SQQQ","三倍做空纳指ETF-ProShares","-3,162.00","-9,564.75","USD","2025/04/26 01:24:15"
"ETFs买入费用","SQQQ","三倍做空纳指ETF-ProShares","-2.29","-6,402.75","USD","2025/04/26 01:17:24"
"ETFs买入成交","SQQQ","三倍做空纳指ETF-ProShares","-3,178.00","-6,400.46","USD","2025/04/26 01:17:15"
"股票买入费用","NVDA","英伟达","-2.29","-3,222.46","USD","2025/04/26 01:15:48"
"股票买入成交","NVDA","英伟达","-11,120.00","-3,220.17","USD","2025/04/26 01:15:39"
"股票卖出费用","NVDA","英伟达","-2.12","7,899.83","USD","2025/04/26 00:37:10"
"股票卖出成交","NVDA","英伟达","+2,201.60","7,901.95","USD","2025/04/26 00:36:53"
"ETFs卖出费用","SOXL","三倍做多半导体ETF-Direxion","-2.34","5,700.35","USD","2025/04/26 00:36:14"
"ETFs卖出成交","SOXL","三倍做多半导体ETF-Direxion","+1,220.00","5,702.69","USD","2025/04/26 00:36:02"
"股票卖出费用","NVDA","英伟达","-2.18","4,482.69","USD","2025/04/26 00:29:46"
"股票卖出成交","NVDA","英伟达","+3,285.00","4,484.87","USD","2025/04/26 00:29:34"
"ETFs买入费用","SQQQ","三倍做空纳指ETF-ProShares","-2.29","1,199.87","USD","2025/04/26 00:26:10"
"ETFs买入成交","SQQQ","三倍做空纳指ETF-ProShares","-3,220.00","1,202.16","USD","2025/04/26 00:25:58"
"股票卖出费用","NVDA","英伟达","-2.06","4,422.16","USD","2025/04/25 23:40:39"
"股票卖出成交","NVDA","英伟达","+1,091.00","4,424.22","USD","2025/04/25 23:40:27"
"股票卖出费用","NVDA","英伟达","-2.12","3,333.22","USD","2025/04/25 23:23:46"
"股票卖出成交","NVDA","英伟达","+2,179.00","3,335.34","USD","2025/04/25 23:23:34"
"ETFs买入费用","SQQQ","三倍做空纳指ETF-ProShares","-2.29","1,156.34","USD","2025/04/25 23:22:41"
"ETFs买入成交","SQQQ","三倍做空纳指ETF-ProShares","-3,240.00","1,158.63","USD","2025/04/25 23:22:29"
"ETFs买入费用","SQQQ","三倍做空纳指ETF-ProShares","-2.14","4,398.63","USD","2025/04/25 22:50:04"
"ETFs买入成交","SQQQ","三倍做空纳指ETF-ProShares","-1,627.50","4,400.77","USD","2025/04/25 22:49:54"
"股票卖出费用","NVDA","英伟达","-2.06","6,028.27","USD","2025/04/25 22:46:40"
"股票卖出成交","NVDA","英伟达","+1,085.00","6,030.33","USD","2025/04/25 22:46:29"
"股票卖出费用","NVDA","英伟达","-2.06","4,945.33","USD","2025/04/25 22:40:40"
"股票卖出成交","NVDA","英伟达","+1,083.50","4,947.39","USD","2025/04/25 22:40:29"
"股票卖出费用","NVDA","英伟达","-2.06","3,863.89","USD","2025/04/25 22:39:24"
"股票卖出成交","NVDA","英伟达","+1,082.00","3,865.95","USD","2025/04/25 22:39:12"
"ETFs买入费用","SQQQ","三倍做空纳指ETF-ProShares","-2.14","2,783.95","USD","2025/04/25 12:06:54"
"ETFs买入成交","SQQQ","三倍做空纳指ETF-ProShares","-1,600.00","2,786.09","USD","2025/04/25 12:06:44"
"ETFs买入费用","SQQQ","三倍做空纳指ETF-ProShares","-2.44","4,386.09","USD","2025/04/24 22:37:40"
"ETFs买入成交","SQQQ","三倍做空纳指ETF-ProShares","-5,043.00","4,388.53","USD","2025/04/24 22:37:29"
"ETFs买入费用","SQQQ","三倍做空纳指ETF-ProShares","-2.07","9,431.53","USD","2025/04/24 22:36:22"
"ETFs买入成交","SQQQ","三倍做空纳指ETF-ProShares","-841.25","9,433.60","USD","2025/04/24 22:36:11"
"ETFs买入费用","SQQQ","三倍做空纳指ETF-ProShares","-2.07","10,274.85","USD","2025/04/24 22:22:25"
"ETFs买入成交","SQQQ","三倍做空纳指ETF-ProShares","-847.50","10,276.92","USD","2025/04/24 22:22:12"
"ETFs买入费用","SQQQ","三倍做空纳指ETF-ProShares","-2.07","11,124.42","USD","2025/04/24 22:05:55"
"ETFs买入成交","SQQQ","三倍做空纳指ETF-ProShares","-852.00","11,126.49","USD","2025/04/24 22:05:44"
"ETFs买入费用","SQQQ","三倍做空纳指ETF-ProShares","-2.07","11,978.49","USD","2025/04/24 21:57:27"
"ETFs买入成交","SQQQ","三倍做空纳指ETF-ProShares","-860.00","11,980.56","USD","2025/04/24 21:57:15"
"ETFs卖出费用","SQQQ","三倍做空纳指ETF-ProShares","-2.20","12,840.56","USD","2025/04/24 03:22:47"
"ETFs卖出成交","SQQQ","三倍做空纳指ETF-ProShares","+1,790.00","12,842.76","USD","2025/04/24 03:22:38"
"ETFs买入费用","SQQQ","三倍做空纳指ETF-ProShares","-2.14","11,052.76","USD","2025/04/23 22:35:37"
"ETFs买入成交","SQQQ","三倍做空纳指ETF-ProShares","-1,677.50","11,054.90","USD","2025/04/23 22:35:25"
"ETFs买入费用","SQQQ","三倍做空纳指ETF-ProShares","-2.05","12,732.40","USD","2025/04/23 22:00:49"
"ETFs买入成交","SQQQ","三倍做空纳指ETF-ProShares","-674.00","12,734.45","USD","2025/04/23 22:00:15"
"ETFs买入费用","SQQQ","三倍做空纳指ETF-ProShares","-2.05","13,408.45","USD","2025/04/23 21:50:59"
"ETFs买入成交","SQQQ","三倍做空纳指ETF-ProShares","-678.00","13,410.50","USD","2025/04/23 21:49:25"
"ETFs买入费用","SQQQ","三倍做空纳指ETF-ProShares","-2.02","14,088.50","USD","2025/04/23 21:35:14"
"ETFs买入成交","SQQQ","三倍做空纳指ETF-ProShares","-344.50","14,090.52","USD","2025/04/23 21:33:37"
"ETFs卖出费用","SOXL","三倍做多半导体ETF-Direxion","-2.34","14,435.02","USD","2025/04/22 23:08:18"
"ETFs卖出成交","SOXL","三倍做多半导体ETF-Direxion","+930.00","14,437.36","USD","2025/04/22 23:08:06"
"股票卖出费用","NVDA","英伟达","-2.09","13,507.36","USD","2025/04/22 21:46:58"
"股票卖出成交","NVDA","英伟达","+1,488.00","13,509.45","USD","2025/04/22 21:46:45"
"ETFs卖出费用","SOXL","三倍做多半导体ETF-Direxion","-2.34","12,021.45","USD","2025/04/22 21:44:18"
"ETFs卖出成交","SOXL","三倍做多半导体ETF-Direxion","+924.00","12,023.79","USD","2025/04/22 21:44:06"
"股票卖出费用","NVDA","英伟达","-2.15","11,099.79","USD","2025/04/22 17:07:06"
"股票卖出成交","NVDA","英伟达","+2,454.50","11,101.94","USD","2025/04/22 17:06:54"
"ETFs卖出费用","SOXL","三倍做多半导体ETF-Direxion","-3.99","8,647.44","USD","2025/04/22 08:31:22"
"ETFs卖出成交","SOXL","三倍做多半导体ETF-Direxion","+438.50","8,651.43","USD","2025/04/22 08:31:11"
"ETFs卖出成交","SOXL","三倍做多半导体ETF-Direxion","+1,315.50","8,212.93","USD","2025/04/22 08:30:41"
"ETFs卖出成交","SOXL","三倍做多半导体ETF-Direxion","+877.00","6,897.43","USD","2025/04/22 08:30:36"
"ETFs买入费用","SOXL","三倍做多半导体ETF-Direxion","-2.29","6,020.43","USD","2025/04/21 23:55:22"
"ETFs买入成交","SOXL","三倍做多半导体ETF-Direxion","-818.00","6,022.72","USD","2025/04/21 23:55:10"
"ETFs买入费用","SOXL","三倍做多半导体ETF-Direxion","-2.14","6,840.72","USD","2025/04/21 23:46:16"
"ETFs买入成交","SOXL","三倍做多半导体ETF-Direxion","-410.50","6,842.86","USD","2025/04/21 23:46:07"
"ETFs买入费用","SOXL","三倍做多半导体ETF-Direxion","-2.14","7,253.36","USD","2025/04/21 23:35:52"
"ETFs买入成交","SOXL","三倍做多半导体ETF-Direxion","-412.50","7,255.50","USD","2025/04/21 23:35:42"
"股票买入费用","NVDA","英伟达","-2.02","7,668.00","USD","2025/04/21 22:13:26"
"股票买入成交","NVDA","英伟达","-962.00","7,670.02","USD","2025/04/21 22:13:14"
"股票买入费用","NVDA","英伟达","-2.02","8,632.02","USD","2025/04/21 22:08:19"
"股票买入成交","NVDA","英伟达","-964.50","8,634.04","USD","2025/04/21 22:08:06"
"ETFs买入费用","SOXL","三倍做多半导体ETF-Direxion","-2.14","9,598.54","USD","2025/04/21 22:03:32"
"ETFs买入成交","SOXL","三倍做多半导体ETF-Direxion","-418.00","9,600.68","USD","2025/04/21 22:03:19"
"ETFs买入费用","SOXL","三倍做多半导体ETF-Direxion","-2.14","10,018.68","USD","2025/04/21 22:00:11"
"ETFs买入成交","SOXL","三倍做多半导体ETF-Direxion","-421.00","10,020.82","USD","2025/04/21 22:00:00"
"股票买入费用","NVDA","英伟达","-2.02","10,441.82","USD","2025/04/21 21:56:34"
"股票买入成交","NVDA","英伟达","-971.00","10,443.84","USD","2025/04/21 21:56:24"
"ETFs买入费用","SOXL","三倍做多半导体ETF-Direxion","-2.14","11,414.84","USD","2025/04/21 21:53:05"
"ETFs买入成交","SOXL","三倍做多半导体ETF-Direxion","-425.00","11,416.98","USD","2025/04/21 21:52:50"
"股票买入费用","NVDA","英伟达","-2.02","11,841.98","USD","2025/04/21 21:37:11"
"股票买入成交","NVDA","英伟达","-978.00","11,844.00","USD","2025/04/21 21:36:57"
"股票卖出费用","NVDA","英伟达","-2.06","12,822.00","USD","2025/04/21 21:35:23"
"股票卖出成交","NVDA","英伟达","+991.00","12,824.06","USD","2025/04/21 21:35:13"
"股票买入费用","NVDA","英伟达","-2.02","11,833.06","USD","2025/04/21 18:28:20"
"股票买入成交","NVDA","英伟达","-979.00","11,835.08","USD","2025/04/21 18:28:08"
"ETFs买入费用","SOXL","三倍做多半导体ETF-Direxion","-2.14","12,814.08","USD","2025/04/21 17:12:24"
"ETFs买入成交","SOXL","三倍做多半导体ETF-Direxion","-436.00","12,816.22","USD","2025/04/21 17:12:12"
"股票买入费用","NVDA","英伟达","-2.02","13,252.22","USD","2025/04/17 23:04:15"
"股票买入成交","NVDA","英伟达","-1,000.80","13,254.24","USD","2025/04/17 23:04:07"
"ETFs买入费用","SOXL","三倍做多半导体ETF-Direxion","-2.14","14,255.04","USD","2025/04/17 22:55:51"
"ETFs买入成交","SOXL","三倍做多半导体ETF-Direxion","-451.00","14,257.18","USD","2025/04/17 22:55:39"
"ETFs买入费用","GLD","黄金ETF-SPDR","-2.25","14,708.18","USD","2025/04/17 15:16:55"
"ETFs买入成交","GLD","黄金ETF-SPDR","-26,010.00","14,710.43","USD","2025/04/17 15:16:44"
"ETFs卖出费用","GLD","黄金ETF-SPDR","-2.98","40,720.43","USD","2025/04/16 23:41:58"
"ETFs卖出成交","GLD","黄金ETF-SPDR","+26,027.00","40,723.41","USD","2025/04/16 23:41:46"
"ETFs买入费用","SOXL","三倍做多半导体ETF-Direxion","-2.14","14,696.41","USD","2025/04/16 13:52:40"
"ETFs买入成交","SOXL","三倍做多半导体ETF-Direxion","-459.00","14,698.55","USD","2025/04/16 13:52:28"
"ETFs卖出费用","SOXL","三倍做多半导体ETF-Direxion","-2.34","15,157.55","USD","2025/04/15 22:09:20"
"ETFs卖出成交","SOXL","三倍做多半导体ETF-Direxion","+1,096.00","15,159.89","USD","2025/04/15 22:09:09"
"股票买入费用","00981","中芯国际","-180.50","46,205.30","HKD","2025/04/11 15:59:29"
"股票买入成交","00981","中芯国际","-117,250.00","46,385.80","HKD","2025/04/11 15:59:16"
"股票卖出费用","00981","中芯国际","-50.21","163,635.80","HKD","2025/04/11 11:47:35"
"股票卖出成交","00981","中芯国际","+23,900.00","163,686.01","HKD","2025/04/11 11:47:27"
"股票卖出费用","00981","中芯国际","-50.12","139,786.01","HKD","2025/04/11 11:30:38"
"股票卖出成交","00981","中芯国际","+23,650.00","139,836.13","HKD","2025/04/11 11:30:27"
"股票卖出费用","00981","中芯国际","-50.03","116,186.13","HKD","2025/04/11 11:29:02"
"股票卖出成交","00981","中芯国际","+23,450.00","116,236.16","HKD","2025/04/11 11:28:51"
"股票卖出费用","00981","中芯国际","-49.92","92,786.16","HKD","2025/04/11 09:58:36"
"股票卖出成交","00981","中芯国际","+23,150.00","92,836.08","HKD","2025/04/11 09:58:26"
"股票卖出费用","00981","中芯国际","-48.73","69,686.08","HKD","2025/04/11 09:37:11"
"股票卖出成交","00981","中芯国际","+22,700.00","69,734.81","HKD","2025/04/11 09:35:03"
"ETFs卖出费用","SOXL","三倍做多半导体ETF-Direxion","-9.29","14,063.89","USD","2025/04/11 02:40:12"
"ETFs卖出成交","SOXL","三倍做多半导体ETF-Direxion","+6,811.00","14,073.18","USD","2025/04/11 02:40:04"
"ETFs卖出费用","SOXL","三倍做多半导体ETF-Direxion","-13.34","7,262.18","USD","2025/04/11 02:31:55"
"ETFs卖出成交","SOXL","三倍做多半导体ETF-Direxion","+9,850.00","7,275.52","USD","2025/04/11 02:31:47"
"ETFs买入费用","SOXL","三倍做多半导体ETF-Direxion","-2.23","-2,574.48","USD","2025/04/11 00:14:53"
"ETFs买入成交","SOXL","三倍做多半导体ETF-Direxion","-715.20","-2,572.25","USD","2025/04/11 00:14:41"
"ETFs卖出费用","TLT","20+年以上美国国债ETF-iShares","-2.14","-1,857.05","USD","2025/04/11 00:14:19"
"ETFs卖出成交","TLT","20+年以上美国国债ETF-iShares","+2,175.00","-1,854.91","USD","2025/04/11 00:14:05"
"ETFs买入费用","SOXL","三倍做多半导体ETF-Direxion","-4.98","-4,029.91","USD","2025/04/10 23:52:27"
"ETFs买入成交","SOXL","三倍做多半导体ETF-Direxion","-3,542.00","-4,024.93","USD","2025/04/10 23:52:14"
"股票卖出费用","PDD","拼多多","-2.42","-482.93","USD","2025/04/10 23:52:02"
"股票卖出成交","PDD","拼多多","+6,750.75","-480.51","USD","2025/04/10 23:51:46"
"ETFs买入费用","SOXL","三倍做多半导体ETF-Direxion","-5.55","-7,231.26","USD","2025/04/10 23:50:34"
"ETFs买入成交","SOXL","三倍做多半导体ETF-Direxion","-3,999.00","-7,225.71","USD","2025/04/10 23:50:20"
"ETFs买入费用","SOXL","三倍做多半导体ETF-Direxion","-6.45","-3,226.71","USD","2025/04/10 23:39:25"
"ETFs买入成交","SOXL","三倍做多半导体ETF-Direxion","-4,314.08","-3,220.26","USD","2025/04/10 23:39:15"
"ETFs买入成交","SOXL","三倍做多半导体ETF-Direxion","-28.32","1,093.82","USD","2025/04/10 23:39:14"
"ETFs买入成交","SOXL","三倍做多半导体ETF-Direxion","-94.40","1,122.14","USD","2025/04/10 23:39:14"
"ETFs买入成交","SOXL","三倍做多半导体ETF-Direxion","-283.20","1,216.54","USD","2025/04/10 23:39:14"
"ETFs买入费用","SOXL","三倍做多半导体ETF-Direxion","-6.45","1,499.74","USD","2025/04/10 23:30:09"
"ETFs买入成交","SOXL","三倍做多半导体ETF-Direxion","-1,117.35","1,506.19","USD","2025/04/10 23:29:58"
"ETFs买入成交","SOXL","三倍做多半导体ETF-Direxion","-1,547.10","2,623.54","USD","2025/04/10 23:29:58"
"ETFs买入成交","SOXL","三倍做多半导体ETF-Direxion","-2,110.55","4,170.64","USD","2025/04/10 23:29:56"
"股票买入费用","PDD","拼多多","-2.07","6,281.19","USD","2025/04/10 23:10:45"
"股票买入成交","PDD","拼多多","-2,250.00","6,283.26","USD","2025/04/10 23:10:32"
"股票买入费用","PDD","拼多多","-2.07","8,533.26","USD","2025/04/10 21:45:45"
"股票买入成交","PDD","拼多多","-2,272.50","8,535.33","USD","2025/04/10 21:45:30"
"股票买入费用","PDD","拼多多","-2.07","10,807.83","USD","2025/04/10 21:41:18"
"股票买入成交","PDD","拼多多","-2,295.00","10,809.90","USD","2025/04/10 21:41:05"
"股票买入费用","DIS","迪士尼","-2.14","13,104.90","USD","2025/04/10 20:50:05"
"股票买入成交","DIS","迪士尼","-2,495.08","13,107.04","USD","2025/04/10 20:49:53"
"股票买入成交","DIS","迪士尼","-1,960.42","15,602.12","USD","2025/04/10 20:49:53"
"股票卖出费用","DIS","迪士尼","-2.29","17,562.54","USD","2025/04/10 18:19:56"
"股票卖出成交","DIS","迪士尼","+2,339.48","17,564.83","USD","2025/04/10 18:19:48"
"股票卖出成交","DIS","迪士尼","+2,159.52","15,225.35","USD","2025/04/10 18:19:48"
"股票买入费用","00981","中芯国际","-77.83","47,034.81","HKD","2025/04/10 15:43:12"
"股票买入成交","00981","中芯国际","-43,700.00","47,112.64","HKD","2025/04/10 15:43:00"
"股票买入费用","00981","中芯国际","-78.97","90,812.64","HKD","2025/04/10 14:45:31"
"股票买入成交","00981","中芯国际","-44,050.00","90,891.61","HKD","2025/04/10 14:45:21"
"股票买入费用","00981","中芯国际","-79.02","134,941.61","HKD","2025/04/10 11:41:12"
"股票买入成交","00981","中芯国际","-44,200.00","135,020.63","HKD","2025/04/10 11:40:59"
"股票卖出费用","00981","中芯国际","-81.83","179,220.63","HKD","2025/04/10 10:06:54"
"股票卖出费用","PDD","拼多多","-2.15","13,065.83","USD","2025/04/10 10:04:10"
"股票卖出成交","00981","中芯国际","+46,300.00","179,302.46","HKD","2025/04/10 09:59:54"
"股票卖出费用","00981","中芯国际","-48.84","133,002.46","HKD","2025/04/10 09:58:22"
"股票卖出成交","PDD","拼多多","+2,450.00","13,067.98","USD","2025/04/10 09:57:12"
"股票卖出费用","00981","中芯国际","-48.78","133,051.30","HKD","2025/04/10 09:57:03"
"股票卖出成交","00981","中芯国际","+22,950.00","133,100.08","HKD","2025/04/10 09:51:03"
"股票卖出成交","00981","中芯国际","+22,800.00","110,150.08","HKD","2025/04/10 09:49:46"
"股票卖出费用","00981","中芯国际","-48.72","87,350.08","HKD","2025/04/10 09:47:13"
"股票卖出成交","00981","中芯国际","+22,650.00","87,398.80","HKD","2025/04/10 09:38:27"
"股票卖出费用","PDD","拼多多","-2.15","10,617.98","USD","2025/04/10 07:31:37"
"股票卖出成交","PDD","拼多多","+2,440.00","10,620.13","USD","2025/04/10 07:31:28"
"股票买入费用","PDD","拼多多","-2.08","8,180.13","USD","2025/04/10 00:07:46"
"股票买入成交","PDD","拼多多","-2,655.00","8,182.21","USD","2025/04/10 00:07:33"
"股票买入费用","PDD","拼多多","-2.05","10,837.21","USD","2025/04/09 22:51:32"
"股票买入成交","PDD","拼多多","-1,790.00","10,839.26","USD","2025/04/09 22:51:22"
"ETFs卖出费用","TLT","20+年以上美国国债ETF-iShares","-2.14","12,629.26","USD","2025/04/09 21:15:03"
"ETFs卖出成交","TLT","20+年以上美国国债ETF-iShares","+2,165.00","12,631.40","USD","2025/04/09 21:14:52"
"股票卖出费用","00981","中芯国际","-47.31","64,748.80","HKD","2025/04/09 13:56:55"
"股票卖出成交","00981","中芯国际","+21,600.00","64,796.11","HKD","2025/04/09 13:56:44"
"股票卖出费用","00981","中芯国际","-47.23","43,196.11","HKD","2025/04/09 13:43:27"
"股票卖出成交","00981","中芯国际","+21,375.00","43,243.34","HKD","2025/04/09 13:43:16"
"ETFs卖出费用","TLT","20+年以上美国国债ETF-iShares","-2.87","10,466.40","USD","2025/04/09 13:22:03"
"ETFs卖出成交","TLT","20+年以上美国国债ETF-iShares","+11,448.64","10,469.27","USD","2025/04/09 13:21:50"
"ETFs卖出成交","TLT","20+年以上美国国债ETF-iShares","+344.32","-979.37","USD","2025/04/09 13:21:29"
"ETFs卖出成交","TLT","20+年以上美国国债ETF-iShares","+430.40","-1,323.69","USD","2025/04/09 13:21:10"
"ETFs卖出成交","TLT","20+年以上美国国债ETF-iShares","+258.24","-1,754.09","USD","2025/04/09 13:21:05"
"ETFs卖出成交","TLT","20+年以上美国国债ETF-iShares","+430.40","-2,012.33","USD","2025/04/09 13:21:01"
"ETFs卖出费用","TLT","20+年以上美国国债ETF-iShares","-5.03","-2,442.73","USD","2025/04/09 13:18:40"
"ETFs卖出成交","TLT","20+年以上美国国债ETF-iShares","+27,933.75","-2,437.70","USD","2025/04/09 13:18:29"
"ETFs买入费用","TLT","20+年以上美国国债ETF-iShares","-2.14","-30,371.45","USD","2025/04/09 12:11:27"
"ETFs买入成交","TLT","20+年以上美国国债ETF-iShares","-4,240.00","-30,369.31","USD","2025/04/09 12:11:19"
"股票卖出费用","XYZ","Block","-2.27","-26,129.31","USD","2025/04/09 12:06:04"
"股票卖出成交","XYZ","Block","+1,283.85","-26,127.04","USD","2025/04/09 12:05:52"
"股票卖出成交","XYZ","Block","+47.56","-27,410.89","USD","2025/04/09 12:05:42"
"股票卖出成交","XYZ","Block","+95.12","-27,458.45","USD","2025/04/09 12:05:42"
"股票卖出成交","XYZ","Block","+953.00","-27,553.57","USD","2025/04/09 12:04:55"
"ETFs买入费用","TLT","20+年以上美国国债ETF-iShares","-2.10","-28,506.57","USD","2025/04/09 11:59:46"
"ETFs买入成交","TLT","20+年以上美国国债ETF-iShares","-2,975.70","-28,504.47","USD","2025/04/09 11:59:36"
"ETFs买入费用","TLT","20+年以上美国国债ETF-iShares","-5.68","-25,528.77","USD","2025/04/09 11:37:20"
"ETFs买入成交","TLT","20+年以上美国国债ETF-iShares","-37,787.20","-25,523.09","USD","2025/04/09 11:37:11"
"股票卖出费用","00981","中芯国际","-47.38","21,868.34","HKD","2025/04/09 10:17:41"
"股票卖出成交","00981","中芯国际","+21,750.00","21,915.72","HKD","2025/04/09 10:17:26"
"股票买入费用","XYZ","Block","-2.14","12,264.11","USD","2025/04/09 01:11:41"
"股票买入成交","XYZ","Block","-2,490.00","12,266.25","USD","2025/04/09 01:11:31"
"股票买入费用","AVGO","博通","-2.85","14,756.25","USD","2025/04/09 00:36:07"
"股票买入成交","AVGO","博通","-35,846.20","14,759.10","USD","2025/04/09 00:35:55"
"股票卖出费用","AVGO","博通","-2.16","50,605.30","USD","2025/04/08 19:44:42"
"股票卖出成交","AVGO","博通","+3,431.40","50,607.46","USD","2025/04/08 19:44:34"
"股票卖出费用","NVDA","英伟达","-2.15","47,176.06","USD","2025/04/08 19:43:54"
"股票卖出成交","NVDA","英伟达","+2,534.50","47,178.21","USD","2025/04/08 19:43:46"
"股票卖出费用","AVGO","博通","-3.52","44,643.71","USD","2025/04/08 19:36:37"
"股票卖出成交","AVGO","博通","+32,500.00","44,647.23","USD","2025/04/08 19:36:25"
"股票卖出费用","NVDA","英伟达","-2.15","12,147.23","USD","2025/04/08 19:00:23"
"股票卖出成交","NVDA","英伟达","+2,505.00","12,149.38","USD","2025/04/08 19:00:12"
"股票卖出费用","NVDA","英伟达","-2.29","9,644.38","USD","2025/04/07 23:18:07"
"股票卖出成交","NVDA","英伟达","+4,900.00","9,646.67","USD","2025/04/07 23:02:40"
"股票卖出费用","NVDA","英伟达","-2.44","4,746.67","USD","2025/04/07 16:30:56"
"股票卖出成交","NVDA","英伟达","+7,120.80","4,749.11","USD","2025/04/07 16:30:46"
"股票卖出费用","XYZ","Block","-2.23","-2,371.69","USD","2025/04/07 14:58:00"
"股票卖出成交","XYZ","Block","+1,388.10","-2,369.46","USD","2025/04/07 14:57:46"
"股票卖出成交","XYZ","Block","+925.60","-3,757.56","USD","2025/04/07 14:57:39"
"股票买入费用","NVDA","英伟达","-2.07","-4,683.16","USD","2025/04/07 14:31:15"
"股票买入成交","NVDA","英伟达","-85.01","-4,681.09","USD","2025/04/07 14:31:05"
"股票买入成交","NVDA","英伟达","-85.01","-4,596.08","USD","2025/04/07 14:31:01"
"股票买入成交","NVDA","英伟达","-2,380.28","-4,511.07","USD","2025/04/07 14:31:00"
"股票买入费用","NVDA","英伟达","-2.14","-2,130.79","USD","2025/04/07 14:14:49"
"股票买入成交","NVDA","英伟达","-4,280.00","-2,128.65","USD","2025/04/07 14:14:38"
"股票买入费用","XYZ","Block","-2.14","2,151.35","USD","2025/04/07 13:58:19"
"股票买入成交","XYZ","Block","-2,305.50","2,153.49","USD","2025/04/07 13:58:07"
"股票买入费用","NVDA","英伟达","-2.07","4,458.99","USD","2025/04/07 13:48:26"
"股票买入成交","NVDA","英伟达","-2,150.25","4,461.06","USD","2025/04/07 13:48:12"
"股票卖出费用","01519","极兔速递-W","-83.40","165.72","HKD","2025/04/07 13:07:19"
"股票卖出成交","01519","极兔速递-W","+47,800.00","249.12","HKD","2025/04/07 13:07:06"
"股票买入费用","NVDA","英伟达","-2.07","6,611.31","USD","2025/04/07 12:10:10"
"股票买入成交","NVDA","英伟达","-2,176.25","6,613.38","USD","2025/04/07 12:10:01"
"股票买入费用","NVDA","英伟达","-2.07","8,789.63","USD","2025/04/07 11:27:05"
"股票买入成交","NVDA","英伟达","-2,190.00","8,791.70","USD","2025/04/07 11:26:53"
"股票买入费用","01519","极兔速递-W","-44.44","-47,550.88","HKD","2025/04/07 10:15:07"
"股票买入成交","01519","极兔速递-W","-19,320.00","-47,506.44","HKD","2025/04/07 09:52:04"
"股票卖出费用","NVDA","英伟达","-2.28","10,981.70","USD","2025/04/05 07:57:59"
"股票卖出成交","NVDA","英伟达","+4,630.50","10,983.98","USD","2025/04/05 07:57:52"
"股票买入费用","NVDA","英伟达","-2.07","6,353.48","USD","2025/04/05 00:24:27"
"股票买入成交","NVDA","英伟达","-2,342.50","6,355.55","USD","2025/04/05 00:24:15"
"股票买入费用","NVDA","英伟达","-2.07","8,698.05","USD","2025/04/04 23:36:53"
"股票买入成交","NVDA","英伟达","-2,359.38","8,700.12","USD","2025/04/04 23:36:38"
"股票卖出费用","NVDA","英伟达","-2.15","11,059.49","USD","2025/04/04 23:14:10"
"股票卖出成交","NVDA","英伟达","+2,400.00","11,061.64","USD","2025/04/04 23:13:57"
"股票卖出费用","NVDA","英伟达","-2.57","8,661.64","USD","2025/04/04 23:11:29"
"股票卖出成交","NVDA","英伟达","+9,520.00","8,664.21","USD","2025/04/04 23:11:17"
"股票卖出费用","MU","美光科技","-2.24","-855.79","USD","2025/04/04 23:10:23"
"股票卖出成交","MU","美光科技","+3,320.00","-853.55","USD","2025/04/04 23:10:08"
"股票买入费用","NVDA","英伟达","-2.05","-4,173.55","USD","2025/04/04 22:52:25"
"股票卖出费用","XYZ","Block","-2.66","-4,171.50","USD","2025/04/04 22:51:47"
"股票买入成交","NVDA","英伟达","-1,851.50","-4,168.84","USD","2025/04/04 22:50:29"
"股票买入费用","NVDA","英伟达","-2.08","-2,317.34","USD","2025/04/04 22:50:04"
"股票卖出成交","XYZ","Block","+7,191.00","-2,315.26","USD","2025/04/04 22:50:03"
"股票买入成交","NVDA","英伟达","-2,799.00","-9,506.26","USD","2025/04/04 22:48:53"
"股票买入费用","NVDA","英伟达","-2.07","-6,707.26","USD","2025/04/04 22:29:52"
"股票买入成交","NVDA","英伟达","-2,367.50","-6,705.19","USD","2025/04/04 22:29:14"
"股票买入费用","XYZ","Block","-2.14","-4,337.69","USD","2025/04/04 22:26:58"
"股票买入成交","XYZ","Block","-2,465.00","-4,335.55","USD","2025/04/04 22:26:37"
"股票买入费用","XYZ","Block","-2.14","-1,870.55","USD","2025/04/04 22:18:37"
"股票买入成交","XYZ","Block","-2,475.00","-1,868.41","USD","2025/04/04 22:18:25"
"股票买入费用","MU","美光科技","-2.07","606.59","USD","2025/04/04 22:12:44"
"股票买入成交","MU","美光科技","-1,645.00","608.66","USD","2025/04/04 22:12:19"
"股票买入费用","NVDA","英伟达","-2.07","2,253.66","USD","2025/04/04 22:11:43"
"股票买入成交","NVDA","英伟达","-2,390.00","2,255.73","USD","2025/04/04 22:11:19"
"股票买入费用","MU","美光科技","-2.07","4,645.73","USD","2025/04/04 22:11:12"
"股票买入成交","MU","美光科技","-1,655.00","4,647.80","USD","2025/04/04 22:10:53"
"股票买入费用","NVDA","英伟达","-2.07","6,302.80","USD","2025/04/04 22:09:33"
"股票买入成交","NVDA","英伟达","-2,405.00","6,304.87","USD","2025/04/04 22:09:14"
"股票卖出费用","XYZ","Block","-2.22","8,709.87","USD","2025/04/04 21:51:52"
"股票卖出费用","XYZ","Block","-2.45","8,712.09","USD","2025/04/04 21:49:21"
"股票卖出成交","XYZ","Block","+2,515.00","8,714.54","USD","2025/04/04 21:48:29"
"股票卖出成交","XYZ","Block","+5,000.00","6,199.54","USD","2025/04/04 21:45:50"
"股票买入费用","XYZ","Block","-2.14","1,199.54","USD","2025/04/04 20:39:13"
"股票买入成交","XYZ","Block","-2,432.50","1,201.68","USD","2025/04/04 20:39:02"
"股票买入费用","XYZ","Block","-2.14","3,634.18","USD","2025/04/04 20:37:14"
"股票买入成交","XYZ","Block","-2,462.50","3,636.32","USD","2025/04/04 20:37:01"
"股票卖出费用","NVDA","英伟达","-2.15","6,098.82","USD","2025/04/04 20:15:40"
"股票卖出成交","NVDA","英伟达","+2,455.02","6,100.97","USD","2025/04/04 20:15:28"
"股票买入费用","XYZ","Block","-2.29","3,645.96","USD","2025/04/04 19:59:24"
"股票买入成交","XYZ","Block","-4,643.60","3,648.25","USD","2025/04/04 19:59:16"
"股票买入成交","XYZ","Block","-296.40","8,291.85","USD","2025/04/04 19:59:16"
"股票卖出费用","NVDA","英伟达","-2.29","8,588.25","USD","2025/04/04 19:58:54"
"股票卖出成交","NVDA","英伟达","+4,879.52","8,590.54","USD","2025/04/04 19:58:41"
"股票卖出费用","NVDA","英伟达","-2.58","3,711.02","USD","2025/04/04 19:51:36"
"股票卖出成交","NVDA","英伟达","+4,931.70","3,713.60","USD","2025/04/04 19:51:28"
"股票卖出成交","NVDA","英伟达","+4,738.30","-1,218.10","USD","2025/04/04 19:51:27"
"股票买入费用","NVDA","英伟达","-2.14","-5,956.40","USD","2025/04/04 19:30:40"
"股票买入成交","NVDA","英伟达","-4,775.00","-5,954.26","USD","2025/04/04 19:30:29"
"股票买入费用","NVDA","英伟达","-2.14","-1,179.26","USD","2025/04/04 19:29:04"
"股票买入成交","NVDA","英伟达","-4,800.50","-1,177.12","USD","2025/04/04 19:28:54"
"股票买入费用","NVDA","英伟达","-2.14","3,623.38","USD","2025/04/04 19:25:57"
"股票买入成交","NVDA","英伟达","-3,291.20","3,625.52","USD","2025/04/04 19:25:49"
"股票买入成交","NVDA","英伟达","-1,548.80","6,916.72","USD","2025/04/04 19:25:49"
"股票买入费用","NVDA","英伟达","-2.14","8,465.52","USD","2025/04/04 19:12:58"
"股票买入成交","NVDA","英伟达","-4,870.00","8,467.66","USD","2025/04/04 19:12:49"
"股票买入费用","SBUX","星巴克","-1.99","13,337.66","USD","2025/04/04 19:00:42"
"股票买入成交","SBUX","星巴克","-83.30","13,339.65","USD","2025/04/04 19:00:33"
"股票卖出费用","MU","美光科技","-5.13","13,422.95","USD","2025/04/04 18:24:29"
"股票卖出成交","MU","美光科技","+916.50","13,428.08","USD","2025/04/04 18:24:19"
"股票卖出成交","MU","美光科技","+1,269.00","12,511.58","USD","2025/04/04 18:24:18"
"股票卖出成交","MU","美光科技","+493.50","11,242.58","USD","2025/04/04 18:24:08"
"股票卖出成交","MU","美光科技","+4,159.50","10,749.08","USD","2025/04/04 18:24:08"
"股票卖出成交","MU","美光科技","+2,890.50","6,589.58","USD","2025/04/04 18:24:07"
"股票卖出成交","MU","美光科技","+7,050.00","3,699.08","USD","2025/04/04 18:24:07"
"股票卖出成交","MU","美光科技","+7,050.00","-3,350.92","USD","2025/04/04 18:24:07"
"股票买入费用","MU","美光科技","-2.26","-10,400.92","USD","2025/04/04 18:18:47"
"股票买入成交","MU","美光科技","-6,408.00","-10,398.66","USD","2025/04/04 18:18:36"
"股票卖出费用","GOOG","谷歌-C","-2.36","-3,990.66","USD","2025/04/04 18:16:59"
"股票卖出成交","GOOG","谷歌-C","+7,507.00","-3,988.30","USD","2025/04/04 18:16:50"
"股票买入费用","MU","美光科技","-2.14","-11,495.30","USD","2025/04/04 18:14:29"
"股票买入成交","MU","美光科技","-291.40","-11,493.16","USD","2025/04/04 18:14:19"
"股票买入成交","MU","美光科技","-3,278.25","-11,201.76","USD","2025/04/04 18:14:07"
"股票买入费用","SBUX","星巴克","-2.13","-7,923.51","USD","2025/04/04 18:13:28"
"股票买入成交","SBUX","星巴克","-3,917.25","-7,921.38","USD","2025/04/04 18:13:18"
"股票买入费用","SBUX","星巴克","-2.00","-4,004.13","USD","2025/04/04 18:06:11"
"股票买入成交","SBUX","星巴克","-351.80","-4,002.13","USD","2025/04/04 17:56:48"
"股票买入费用","GOOG","谷歌-C","-2.14","-3,650.33","USD","2025/04/04 16:56:00"
"股票买入成交","GOOG","谷歌-C","-7,580.00","-3,648.19","USD","2025/04/04 16:55:47"
"股票买入费用","SBUX","星巴克","-2.14","3,931.81","USD","2025/04/04 13:08:17"
"股票买入成交","SBUX","星巴克","-4,395.50","3,933.95","USD","2025/04/04 13:08:07"
"股票买入费用","MU","美光科技","-2.59","8,329.45","USD","2025/04/04 01:08:59"
"股票买入成交","MU","美光科技","-1,520.40","8,332.04","USD","2025/04/04 01:08:46"
"股票买入成交","MU","美光科技","-7,602.00","9,852.44","USD","2025/04/04 01:08:46"
"股票买入成交","MU","美光科技","-2,280.60","17,454.44","USD","2025/04/04 01:08:46"
"股票买入成交","MU","美光科技","-3,801.00","19,735.04","USD","2025/04/04 01:08:45"
"股票买入费用","SBUX","星巴克","-2.29","23,536.04","USD","2025/04/04 00:57:30"
"股票买入成交","SBUX","星巴克","-8,820.00","23,538.33","USD","2025/04/04 00:57:22"
"融资/欠款利息","--","--","-26.25","-28,186.44","HKD","2025/04/02 03:57:26"
"融券费用","--","--","-69.73","32,358.33","USD","2025/04/02 03:57:26"
"股票卖出费用","SBUX","星巴克","-2.31","32,428.06","USD","2025/03/27 22:10:07"
"股票卖出成交","SBUX","星巴克","+4,860.80","32,430.37","USD","2025/03/27 22:09:57"
"股票卖出成交","SBUX","星巴克","+99.20","27,569.57","USD","2025/03/27 22:09:37"
"股票卖出费用","SBUX","星巴克","-2.29","27,470.37","USD","2025/03/26 22:38:11"
"股票卖出成交","SBUX","星巴克","+4,912.50","27,472.66","USD","2025/03/26 22:38:02"
"股票卖出费用","SBUX","星巴克","-2.29","22,560.16","USD","2025/03/26 22:02:58"
"股票卖出成交","SBUX","星巴克","+4,890.00","22,562.45","USD","2025/03/26 22:02:46"
"股票买入费用","01519","极兔速递-W","-62.66","-28,160.19","HKD","2025/03/25 10:46:05"
"股票买入成交","01519","极兔速递-W","-32,880.00","-28,097.53","HKD","2025/03/25 10:45:54"
"股票买入费用","SBUX","星巴克","-2.14","17,672.45","USD","2025/03/24 22:52:58"
"股票买入成交","SBUX","星巴克","-1,544.00","17,674.59","USD","2025/03/24 22:52:45"
"股票买入成交","SBUX","星巴克","-3,281.00","19,218.59","USD","2025/03/24 22:52:45"
"股票买入费用","SBUX","星巴克","-2.14","22,499.59","USD","2025/03/24 22:29:37"
"股票买入成交","SBUX","星巴克","-4,830.00","22,501.73","USD","2025/03/24 22:29:24"
"股票买入费用","SBUX","星巴克","-2.28","27,331.73","USD","2025/03/24 22:07:33"
"股票买入成交","SBUX","星巴克","-9,312.00","27,334.01","USD","2025/03/24 22:07:20"
"融券费用","--","--","-111.20","36,646.01","USD","2025/03/04 03:18:15"
"股票买入费用","SBUX","星巴克","-2.01","36,757.21","USD","2025/03/03 22:34:03"
"股票买入费用","SBUX","星巴克","-2.01","36,759.22","USD","2025/03/03 22:32:45"
"股票买入成交","SBUX","星巴克","-584.38","36,761.23","USD","2025/03/03 22:32:19"
"股票买入成交","SBUX","星巴克","-930.56","37,345.61","USD","2025/03/03 22:30:54"
"卖空股息","SBUX","星巴克","-184.22","38,276.17","USD","2025/03/03 17:14:43"
"股票买入费用","SBUX","星巴克","-2.00","38,460.39","USD","2025/03/01 04:57:16"
"股票买入成交","SBUX","星巴克","-464.04","38,462.39","USD","2025/03/01 04:57:08"
"股票买入费用","SBUX","星巴克","-2.08","38,926.43","USD","2025/02/28 02:34:54"
"股票买入成交","SBUX","星巴克","-3,583.21","38,928.51","USD","2025/02/28 02:34:41"
"股票买入费用","SBUX","星巴克","-2.00","42,511.71","USD","2025/02/24 22:44:26"
"股票买入成交","SBUX","星巴克","-451.44","42,513.71","USD","2025/02/24 22:43:14"
"股票买入费用","SBUX","星巴克","-2.00","42,965.15","USD","2025/02/15 04:43:57"
"股票买入成交","SBUX","星巴克","-449.94","42,967.15","USD","2025/02/15 04:43:48"
"股票买入费用","SBUX","星巴克","-2.03","43,417.09","USD","2025/02/08 04:05:50"
"股票买入成交","SBUX","星巴克","-1,456.91","43,419.12","USD","2025/02/08 04:05:41"
"股票买入费用","SBUX","星巴克","-2.10","44,876.03","USD","2025/02/05 04:54:33"
"股票买入成交","SBUX","星巴克","-2,220.40","44,878.13","USD","2025/02/05 04:54:21"
"股票买入成交","SBUX","星巴克","-1,554.28","47,098.53","USD","2025/02/05 04:54:21"
"股票买入成交","SBUX","星巴克","-333.06","48,652.80","USD","2025/02/05 04:54:21"
"融券费用","--","--","-168.71","48,985.86","USD","2025/02/04 02:05:33"
"股票买入费用","SBUX","星巴克","-2.12","49,154.57","USD","2025/01/30 02:26:43"
"股票买入成交","SBUX","星巴克","-4,566.97","49,156.69","USD","2025/01/30 02:26:35"
"股票买入费用","SBUX","星巴克","-2.45","53,723.66","USD","2025/01/29 22:32:23"
"股票买入成交","SBUX","星巴克","-16,218.70","53,726.11","USD","2025/01/29 22:32:12"
"股票买入费用","SBUX","星巴克","-2.01","69,944.81","USD","2025/01/27 22:40:44"
"股票买入成交","SBUX","星巴克","-694.79","69,946.82","USD","2025/01/27 22:37:37"
"股票买入费用","SBUX","星巴克","-2.08","70,641.62","USD","2025/01/25 04:06:35"
"股票买入成交","SBUX","星巴克","-2,868.62","70,643.70","USD","2025/01/25 04:06:23"
"股票买入费用","SBUX","星巴克","-2.08","73,512.32","USD","2025/01/21 22:44:56"
"股票买入成交","SBUX","星巴克","-3,031.80","73,514.40","USD","2025/01/21 22:43:56"
"股票买入费用","SBUX","星巴克","-2.10","76,546.20","USD","2025/01/21 22:33:33"
"股票买入成交","SBUX","星巴克","-3,479.40","76,548.30","USD","2025/01/21 22:32:18"
"融券费用","--","--","-138.99","80,027.70","USD","2025/01/03 05:38:13"
"股票卖出费用","SBUX","星巴克","-2.72","80,166.69","USD","2024/12/24 23:26:18"
"股票卖出成交","SBUX","星巴克","+11,525.80","80,169.41","USD","2024/12/24 23:26:06"
"融券费用","--","--","-153.59","68,643.61","USD","2024/12/03 08:44:34"
"卖空股息","SBUX","星巴克","-369.05","68,797.20","USD","2024/12/02 14:44:34"
"股票买入费用","SBUX","星巴克","-2.06","69,166.25","USD","2024/11/25 22:31:40"
"股票买入成交","SBUX","星巴克","-2,375.03","69,168.31","USD","2024/11/25 22:31:03"
"股票买入费用","SBUX","星巴克","-2.01","71,543.34","USD","2024/11/23 04:43:30"
"股票买入成交","SBUX","星巴克","-715.40","71,545.35","USD","2024/11/23 04:43:22"
"股票买入费用","SBUX","星巴克","-2.16","72,260.75","USD","2024/11/23 04:01:33"
"股票买入成交","SBUX","星巴克","-5,604.43","72,262.91","USD","2024/11/23 04:01:22"
"股票买入费用","SBUX","星巴克","-2.08","77,867.34","USD","2024/11/11 22:35:13"
"股票买入成交","SBUX","星巴克","-2,993.98","77,869.42","USD","2024/11/11 22:33:32"
"融券费用","--","--","-167.42","80,863.40","USD","2024/11/02 08:03:13"
"股票买入费用","SBUX","星巴克","-2.01","81,030.82","USD","2024/11/02 03:03:34"
"股票买入成交","SBUX","星巴克","-791.12","81,032.84","USD","2024/11/02 03:03:24"
"融券费用","--","--","-156.11","81,823.96","USD","2024/10/02 06:45:45"
"股票买入费用","SBUX","星巴克","-2.01","81,980.06","USD","2024/09/14 03:19:28"
"股票买入成交","SBUX","星巴克","-691.65","81,982.08","USD","2024/09/14 03:19:20"
"融资/欠款利息","--","--","-4.53","82,673.73","USD","2024/09/03 14:54:57"
"融资/欠款利息","--","--","-15.72","4,782.47","HKD","2024/09/03 14:54:57"
"融券费用","--","--","-105.94","82,678.26","USD","2024/09/03 14:54:57"
"卖空股息","SBUX","星巴克","-401.85","82,784.20","USD","2024/09/02 15:10:20"
"股票买入费用","SBUX","星巴克","-2.08","83,186.05","USD","2024/08/28 05:12:45"
"股票买入成交","SBUX","星巴克","-2,560.48","83,188.13","USD","2024/08/28 05:12:35"
"股票买入成交","SBUX","星巴克","-196.94","85,748.61","USD","2024/08/28 05:12:35"
"股票买入成交","SBUX","星巴克","-98.47","85,945.55","USD","2024/08/28 05:12:35"
"股票买入成交","SBUX","星巴克","-98.47","86,044.02","USD","2024/08/28 05:12:35"
"股票买入费用","SBUX","星巴克","-2.07","86,142.49","USD","2024/08/28 05:11:49"
"股票买入成交","SBUX","星巴克","-2,461.75","86,144.56","USD","2024/08/28 05:11:35"
"股票卖出费用","SBUX","星巴克","-2.20","88,606.31","USD","2024/08/13 21:20:20"
"股票卖出成交","SBUX","星巴克","+3,164.00","88,608.51","USD","2024/08/13 21:20:05"
"股票买入费用","NVDA","英伟达","-2.11","85,444.51","USD","2024/08/13 21:19:23"
"股票买入成交","NVDA","英伟达","-4,520.00","85,446.62","USD","2024/08/13 21:19:10"
"股票卖出费用","SBUX","星巴克","-2.67","89,966.62","USD","2024/08/13 21:17:05"
"股票卖出成交","SBUX","星巴克","+10,788.00","89,969.29","USD","2024/08/13 21:16:51"
"股票买入费用","MU","美光科技","-2.29","79,181.29","USD","2024/08/13 21:15:11"
"股票买入成交","MU","美光科技","-9,635.00","79,183.58","USD","2024/08/13 21:15:03"
"股票卖出费用","SBUX","星巴克","-2.31","88,818.58","USD","2024/08/13 21:13:31"
"股票卖出成交","SBUX","星巴克","+89.60","88,820.89","USD","2024/08/13 21:13:16"
"股票卖出成交","SBUX","星巴克","+1,971.20","88,731.29","USD","2024/08/13 21:13:15"
"股票卖出成交","SBUX","星巴克","+1,971.20","86,760.09","USD","2024/08/13 21:13:15"
"股票卖出成交","SBUX","星巴克","+448.00","84,788.89","USD","2024/08/13 21:13:14"
"股票卖出费用","SBUX","星巴克","-2.56","84,340.89","USD","2024/08/13 21:08:35"
"股票卖出成交","SBUX","星巴克","+8,880.00","84,343.45","USD","2024/08/13 21:08:20"
"股票卖出费用","NVDA","英伟达","-2.12","75,463.45","USD","2024/08/13 20:37:56"
"股票卖出成交","NVDA","英伟达","+2,260.00","75,465.57","USD","2024/08/13 20:37:40"
"股票卖出费用","NVDA","英伟达","-2.06","73,205.57","USD","2024/08/13 20:35:11"
"股票卖出成交","NVDA","英伟达","+1,127.00","73,207.63","USD","2024/08/13 20:34:59"
"股票卖出费用","SBUX","星巴克","-2.56","72,080.63","USD","2024/08/13 20:22:39"
"股票卖出成交","SBUX","星巴克","+8,820.00","72,083.19","USD","2024/08/13 20:22:27"
"股票卖出费用","SBUX","星巴克","-2.55","63,263.19","USD","2024/08/13 20:21:17"
"股票卖出成交","SBUX","星巴克","+8,740.00","63,265.74","USD","2024/08/13 20:21:04"
"股票卖出费用","SBUX","星巴克","-2.55","54,525.74","USD","2024/08/13 20:20:39"
"股票卖出成交","SBUX","星巴克","+8,680.00","54,528.29","USD","2024/08/13 20:20:29"
"股票卖出费用","SBUX","星巴克","-2.27","45,848.29","USD","2024/08/13 20:19:42"
"股票卖出成交","SBUX","星巴克","+4,315.00","45,850.56","USD","2024/08/13 20:19:28"
"股票卖出费用","SBUX","星巴克","-2.27","41,535.56","USD","2024/08/13 20:14:59"
"股票卖出成交","SBUX","星巴克","+4,265.00","41,537.83","USD","2024/08/13 20:14:46"
"股票卖出费用","NVDA","英伟达","-2.06","37,272.83","USD","2024/08/13 20:08:36"
"股票卖出成交","NVDA","英伟达","+1,112.00","37,274.89","USD","2024/08/13 20:08:24"
"股票卖出费用","NVDA","英伟达","-2.04","36,162.89","USD","2024/08/13 20:07:08"
"股票卖出成交","NVDA","英伟达","+555.90","36,164.93","USD","2024/08/13 20:06:52"
"股票买入费用","MU","美光科技","-2.29","35,609.03","USD","2024/08/13 03:42:04"
"股票买入成交","MU","美光科技","-9,430.00","35,611.32","USD","2024/08/13 03:41:51"
"股票买入费用","SBUX","星巴克","-2.14","45,041.32","USD","2024/08/13 01:07:29"
"股票买入成交","SBUX","星巴克","-3,835.00","45,043.46","USD","2024/08/13 01:07:16"
"股票买入费用","MU","美光科技","-2.29","48,878.46","USD","2024/08/13 00:56:27"
"股票买入成交","MU","美光科技","-9,480.00","48,880.75","USD","2024/08/13 00:56:10"
"股票买入费用","MU","美光科技","-2.29","58,360.75","USD","2024/08/13 00:51:54"
"股票买入成交","MU","美光科技","-9,500.00","58,363.04","USD","2024/08/13 00:51:40"
"股票买入费用","SBUX","星巴克","-2.14","67,863.04","USD","2024/08/13 00:30:52"
"股票买入成交","SBUX","星巴克","-3,870.00","67,865.18","USD","2024/08/13 00:30:39"
"股票卖出费用","MU","美光科技","-2.58","71,735.18","USD","2024/08/12 23:19:04"
"股票卖出成交","MU","美光科技","+9,640.00","71,737.76","USD","2024/08/12 23:18:53"
"股票卖出费用","MU","美光科技","-2.58","62,097.76","USD","2024/08/12 23:11:40"
"股票卖出成交","MU","美光科技","+9,625.00","62,100.34","USD","2024/08/12 23:11:26"
"股票卖出费用","MU","美光科技","-2.28","52,475.34","USD","2024/08/12 23:10:03"
"股票卖出成交","MU","美光科技","+4,805.00","52,477.62","USD","2024/08/12 23:09:51"
"股票买入费用","AMD","美国超微公司","-2.02","47,672.62","USD","2024/08/12 23:07:21"
"股票买入成交","AMD","美国超微公司","-1,373.50","47,674.64","USD","2024/08/12 23:07:12"
"股票卖出费用","MU","美光科技","-2.28","49,048.13","USD","2024/08/12 23:04:35"
"股票卖出成交","MU","美光科技","+4,795.00","49,050.41","USD","2024/08/12 23:04:20"
"股票卖出费用","MU","美光科技","-2.58","44,255.41","USD","2024/08/12 22:49:54"
"股票卖出成交","MU","美光科技","+9,560.00","44,257.99","USD","2024/08/12 22:49:40"
"股票卖出费用","SBUX","星巴克","-2.53","34,697.99","USD","2024/08/12 22:44:14"
"股票卖出成交","SBUX","星巴克","+7,810.00","34,700.52","USD","2024/08/12 22:44:03"
"股票卖出费用","AMD","美国超微公司","-2.07","26,890.52","USD","2024/08/12 22:36:47"
"股票卖出成交","AMD","美国超微公司","+1,376.00","26,892.59","USD","2024/08/12 22:36:38"
"股票卖出费用","NVDA","英伟达","-2.04","25,516.59","USD","2024/08/12 22:23:51"
"股票卖出成交","NVDA","英伟达","+554.00","25,518.63","USD","2024/08/12 22:23:39"
"股票卖出费用","NVDA","英伟达","-2.06","24,964.63","USD","2024/08/12 22:15:34"
"股票卖出成交","NVDA","英伟达","+1,100.00","24,966.69","USD","2024/08/12 22:15:19"
"股票卖出费用","NVDA","英伟达","-2.06","23,866.69","USD","2024/08/12 22:12:44"
"股票卖出成交","NVDA","英伟达","+1,094.00","23,868.75","USD","2024/08/12 22:12:28"
"股票卖出费用","SQ","Block","-2.48","22,774.75","USD","2024/08/12 22:10:44"
"股票卖出成交","SQ","Block","+6,110.00","22,777.23","USD","2024/08/12 22:10:28"
"股票卖出费用","NVDA","英伟达","-2.06","16,667.23","USD","2024/08/12 22:09:23"
"股票卖出成交","NVDA","英伟达","+1,090.00","16,669.29","USD","2024/08/12 22:09:08"
"股票卖出费用","NVDA","英伟达","-2.06","15,579.29","USD","2024/08/12 22:08:02"
"股票卖出成交","NVDA","英伟达","+1,087.00","15,581.35","USD","2024/08/12 22:07:46"
"股票买入费用","SQ","Block","-2.29","14,494.35","USD","2024/08/12 21:57:44"
"股票买入成交","SQ","Block","-6,050.00","14,496.64","USD","2024/08/12 21:57:30"
"资产迁移","--","--","+341.28","20,546.64","USD","2024/08/12 03:09:26"
"股票买入费用","NVDA","英伟达","-2.04","20,205.36","USD","2024/08/09 22:29:51"
"股票买入成交","NVDA","英伟达","-1,564.50","20,207.40","USD","2024/08/09 22:29:38"
"股票买入费用","NVDA","英伟达","-2.02","21,771.90","USD","2024/08/09 22:00:40"
"股票买入成交","NVDA","英伟达","-1,035.00","21,773.92","USD","2024/08/09 22:00:23"
"股票买入费用","NVDA","英伟达","-2.02","22,808.92","USD","2024/08/09 21:56:58"
"股票买入成交","NVDA","英伟达","-1,041.00","22,810.94","USD","2024/08/09 21:56:48"
"股票买入费用","AMD","美国超微公司","-2.02","23,851.94","USD","2024/08/09 21:32:17"
"股票买入成交","AMD","美国超微公司","-1,347.00","23,853.96","USD","2024/08/09 21:32:02"
"股票买入费用","NVDA","英伟达","-2.02","25,200.96","USD","2024/08/09 20:21:53"
"股票买入成交","NVDA","英伟达","-1,052.00","25,202.98","USD","2024/08/09 20:21:38"
"股票卖出费用","AMD","美国超微公司","-2.07","26,254.98","USD","2024/08/09 16:36:16"
"股票卖出成交","AMD","美国超微公司","+1,381.00","26,257.05","USD","2024/08/09 16:36:03"
"股票卖出费用","NVDA","英伟达","-2.12","24,876.05","USD","2024/08/09 16:07:03"
"股票卖出成交","NVDA","英伟达","+2,128.00","24,878.17","USD","2024/08/09 16:06:51"
"股票卖出费用","NVDA","英伟达","-2.15","22,750.17","USD","2024/08/09 01:50:50"
"股票卖出成交","NVDA","英伟达","+2,632.50","22,752.32","USD","2024/08/09 01:50:35"
"股票卖出费用","NVDA","英伟达","-2.90","20,119.82","USD","2024/08/09 01:36:25"
"股票卖出成交","NVDA","英伟达","+15,735.00","20,122.72","USD","2024/08/09 01:36:15"
"股票卖出费用","NVDA","英伟达","-2.90","4,387.72","USD","2024/08/09 01:32:35"
"股票卖出成交","NVDA","英伟达","+15,705.00","4,390.62","USD","2024/08/09 01:32:20"
"股票卖出费用","NVDA","英伟达","-3.60","-11,314.38","USD","2024/08/09 01:29:17"
"股票卖出成交","NVDA","英伟达","+23,490.00","-11,310.78","USD","2024/08/09 01:29:05"
"股票买入费用","NVDA","英伟达","-2.08","-34,800.78","USD","2024/08/08 00:06:07"
"股票买入成交","NVDA","英伟达","-3,087.00","-34,798.70","USD","2024/08/08 00:05:37"
"股票买入费用","AMD","美国超微公司","-2.08","-31,711.70","USD","2024/08/08 00:04:41"
"股票买入成交","AMD","美国超微公司","-3,963.00","-31,709.62","USD","2024/08/08 00:04:31"
"股票买入费用","NVDA","英伟达","-2.43","-27,746.62","USD","2024/08/07 23:46:20"
"股票买入成交","NVDA","英伟达","-15,020.51","-27,744.19","USD","2024/08/07 23:46:05"
"股票买入费用","ASML","阿斯麦","-2.01","-12,723.68","USD","2024/08/07 23:45:52"
"股票买入成交","ASML","阿斯麦","-4,315.00","-12,721.67","USD","2024/08/07 23:45:37"
"股票买入费用","NVDA","英伟达","-5.16","-8,406.67","USD","2024/08/07 23:44:37"
"股票买入成交","NVDA","英伟达","-10,505.01","-8,401.51","USD","2024/08/07 23:44:24"
"股票买入成交","NVDA","英伟达","-3,640.35","2,103.50","USD","2024/08/07 23:44:23"
"股票买入成交","NVDA","英伟达","-27,458.64","5,743.85","USD","2024/08/07 23:44:23"
"股票卖出费用","ASML","阿斯麦","-2.14","33,202.49","USD","2024/08/07 22:47:50"
"股票卖出成交","ASML","阿斯麦","+4,385.00","33,204.63","USD","2024/08/07 22:47:34"
"股票买入费用","ASML","阿斯麦","-2.05","28,819.63","USD","2024/08/07 21:55:34"
"股票买入成交","ASML","阿斯麦","-17,400.00","28,821.68","USD","2024/08/07 21:55:16"
"股票卖出费用","AMD","美国超微公司","-2.20","46,221.68","USD","2024/08/07 21:41:24"
"股票卖出成交","AMD","美国超微公司","+4,065.00","46,223.88","USD","2024/08/07 21:41:17"
"股票卖出费用","ASML","阿斯麦","-2.14","42,158.88","USD","2024/08/07 17:14:33"
"股票卖出成交","ASML","阿斯麦","+4,350.00","42,161.02","USD","2024/08/07 17:14:17"
"股票卖出费用","ASML","阿斯麦","-2.14","37,811.02","USD","2024/08/07 16:56:35"
"股票卖出成交","ASML","阿斯麦","+4,325.00","37,813.16","USD","2024/08/07 16:56:19"
"银行转取","--","--","-4,000.00","33,488.16","USD","2024/08/07 08:34:13"
"股票买入费用","ASML","阿斯麦","-2.13","37,488.16","USD","2024/08/07 04:54:32"
"股票买入成交","ASML","阿斯麦","-38,732.00","37,490.29","USD","2024/08/07 04:54:18"
"股票卖出费用","ASML","阿斯麦","-2.14","76,222.29","USD","2024/08/06 22:49:25"
"股票卖出成交","ASML","阿斯麦","+4,276.00","76,224.43","USD","2024/08/06 22:49:07"
"股票买入费用","AMD","美国超微公司","-2.14","71,948.43","USD","2024/08/06 22:48:58"
"股票买入成交","AMD","美国超微公司","-5,300.00","71,950.57","USD","2024/08/06 22:48:45"
"股票买入成交","AMD","美国超微公司","-1,325.00","77,250.57","USD","2024/08/06 22:48:45"
"股票卖出费用","ASML","阿斯麦","-2.14","78,575.57","USD","2024/08/06 22:41:45"
"股票卖出成交","ASML","阿斯麦","+4,255.00","78,577.71","USD","2024/08/06 22:41:35"
"股票买入费用","AMD","美国超微公司","-2.14","74,322.71","USD","2024/08/06 22:41:05"
"股票买入成交","AMD","美国超微公司","-6,625.00","74,324.85","USD","2024/08/06 22:40:51"
"股票卖出费用","AMD","美国超微公司","-2.34","80,949.85","USD","2024/08/06 22:08:07"
"股票卖出成交","AMD","美国超微公司","+6,665.00","80,952.19","USD","2024/08/06 22:07:57"
"股票买入费用","AMD","美国超微公司","-2.14","74,287.19","USD","2024/08/06 21:35:10"
"股票买入成交","AMD","美国超微公司","-6,635.00","74,289.33","USD","2024/08/06 21:34:56"
"股票卖出费用","ASML","阿斯麦","-2.16","80,924.33","USD","2024/08/06 21:33:21"
"股票卖出成交","ASML","阿斯麦","+5,094.00","80,926.49","USD","2024/08/06 21:33:07"
"股票卖出费用","ASML","阿斯麦","-3.06","75,832.49","USD","2024/08/06 21:32:44"
"股票卖出成交","ASML","阿斯麦","+33,872.00","75,835.55","USD","2024/08/06 21:32:29"
"股票买入费用","AMD","美国超微公司","-2.14","41,963.55","USD","2024/08/06 20:34:02"
"股票买入成交","AMD","美国超微公司","-6,755.00","41,965.69","USD","2024/08/06 20:33:48"
"股票买入费用","AMD","美国超微公司","-2.14","48,720.69","USD","2024/08/06 17:17:28"
"股票买入成交","AMD","美国超微公司","-6,740.00","48,722.83","USD","2024/08/06 17:17:20"
"股票买入费用","AMD","美国超微公司","-2.29","55,462.83","USD","2024/08/06 16:16:12"
"股票买入成交","AMD","美国超微公司","-2,591.60","55,465.12","USD","2024/08/06 16:16:02"
"股票买入成交","AMD","美国超微公司","-11,048.40","58,056.72","USD","2024/08/06 16:16:02"
"股票买入费用","AMD","美国超微公司","-2.29","69,105.12","USD","2024/08/06 16:09:35"
"股票买入成交","AMD","美国超微公司","-2,599.20","69,107.41","USD","2024/08/06 16:09:17"
"股票买入成交","AMD","美国超微公司","-9,302.40","71,706.61","USD","2024/08/06 16:09:17"
"股票买入成交","AMD","美国超微公司","-1,778.40","81,009.01","USD","2024/08/06 16:09:15"
"股票卖出费用","AMD","美国超微公司","-2.70","82,787.41","USD","2024/08/06 07:59:42"
"股票卖出成交","AMD","美国超微公司","+12,707.04","82,790.11","USD","2024/08/06 07:59:24"
"股票卖出成交","AMD","美国超微公司","+1,104.96","70,083.07","USD","2024/08/06 07:59:15"
"股票买入费用","AMD","美国超微公司","-2.36","68,978.11","USD","2024/08/06 02:14:22"
"股票买入成交","AMD","美国超微公司","-808.20","68,980.47","USD","2024/08/06 02:14:09"
"股票买入成交","AMD","美国超微公司","-15,625.20","69,788.67","USD","2024/08/06 02:14:09"
"股票卖出费用","AMD","美国超微公司","-2.16","85,413.87","USD","2024/08/06 00:30:07"
"股票卖出成交","AMD","美国超微公司","+3,060.42","85,416.03","USD","2024/08/06 00:29:56"
"股票卖出费用","NVDA","英伟达","-2.15","82,355.61","USD","2024/08/06 00:28:51"
"股票卖出成交","NVDA","英伟达","+2,580.00","82,357.76","USD","2024/08/06 00:28:36"
"股票卖出费用","AMD","美国超微公司","-2.69","79,777.76","USD","2024/08/06 00:25:08"
"股票卖出成交","AMD","美国超微公司","+6,643.20","79,780.45","USD","2024/08/06 00:24:55"
"股票卖出成交","AMD","美国超微公司","+7,196.80","73,137.25","USD","2024/08/06 00:24:55"
"股票卖出费用","AMD","美国超微公司","-2.34","65,940.45","USD","2024/08/05 23:38:36"
"股票卖出成交","AMD","美国超微公司","+6,880.00","65,942.79","USD","2024/08/05 23:38:22"
"股票卖出费用","AMD","美国超微公司","-2.34","59,062.79","USD","2024/08/05 23:17:45"
"股票卖出成交","AMD","美国超微公司","+6,825.00","59,065.13","USD","2024/08/05 23:17:28"
"股票卖出费用","AMD","美国超微公司","-2.27","52,240.13","USD","2024/08/05 23:15:16"
"股票卖出成交","AMD","美国超微公司","+5,440.00","52,242.40","USD","2024/08/05 23:14:59"
"股票卖出费用","AMD","美国超微公司","-2.54","46,802.40","USD","2024/08/05 22:54:30"
"股票卖出成交","AMD","美国超微公司","+10,840.00","46,804.94","USD","2024/08/05 22:54:13"
"股票卖出费用","AMD","美国超微公司","-2.13","35,964.94","USD","2024/08/05 22:35:27"
"股票卖出成交","AMD","美国超微公司","+2,694.00","35,967.07","USD","2024/08/05 22:35:16"
"股票卖出费用","AMD","美国超微公司","-2.13","33,273.07","USD","2024/08/05 22:19:43"
"股票卖出成交","AMD","美国超微公司","+2,688.00","33,275.20","USD","2024/08/05 22:19:29"
"股票卖出费用","AMD","美国超微公司","-2.13","30,587.20","USD","2024/08/05 22:18:34"
"股票卖出成交","AMD","美国超微公司","+2,674.00","30,589.33","USD","2024/08/05 22:18:19"
"股票卖出费用","AMD","美国超微公司","-2.17","27,915.33","USD","2024/08/05 22:01:47"
"股票卖出成交","AMD","美国超微公司","+666.00","27,917.50","USD","2024/08/05 22:01:32"
"股票卖出成交","AMD","美国超微公司","+133.20","27,251.50","USD","2024/08/05 22:01:32"
"股票卖出成交","AMD","美国超微公司","+799.20","27,118.30","USD","2024/08/05 22:01:32"
"股票卖出成交","AMD","美国超微公司","+1,065.60","26,319.10","USD","2024/08/05 22:01:31"
"股票卖出费用","NVDA","英伟达","-2.15","25,253.50","USD","2024/08/05 22:01:14"
"股票卖出成交","NVDA","英伟达","+2,525.00","25,255.65","USD","2024/08/05 22:01:02"
"股票卖出费用","NVDA","英伟达","-2.17","22,730.65","USD","2024/08/05 21:58:49"
"股票卖出成交","NVDA","英伟达","+2,985.00","22,732.82","USD","2024/08/05 21:58:33"
"股票卖出费用","NVDA","英伟达","-2.12","19,747.82","USD","2024/08/05 21:48:45"
"股票卖出成交","NVDA","英伟达","+1,986.00","19,749.94","USD","2024/08/05 21:48:36"
"股票卖出费用","NVDA","英伟达","-2.29","17,763.94","USD","2024/08/05 21:46:47"
"股票卖出成交","NVDA","英伟达","+4,915.00","17,766.23","USD","2024/08/05 21:46:33"
"股票卖出费用","NVDA","英伟达","-2.29","12,851.23","USD","2024/08/05 21:40:06"
"股票卖出成交","NVDA","英伟达","+4,875.00","12,853.52","USD","2024/08/05 21:39:55"
"股票卖出费用","NVDA","英伟达","-2.58","7,978.52","USD","2024/08/05 21:39:19"
"股票卖出成交","NVDA","英伟达","+9,680.00","7,981.10","USD","2024/08/05 21:39:03"
"股票卖出费用","NVDA","英伟达","-2.87","-1,698.90","USD","2024/08/05 21:38:47"
"股票卖出成交","NVDA","英伟达","+2,892.00","-1,696.03","USD","2024/08/05 21:38:32"
"股票卖出成交","NVDA","英伟达","+11,568.00","-4,588.03","USD","2024/08/05 21:38:32"
"股票卖出费用","NVDA","英伟达","-2.68","-16,156.03","USD","2024/08/05 21:37:26"
"股票卖出成交","NVDA","英伟达","+1,437.00","-16,153.35","USD","2024/08/05 21:37:09"
"股票卖出成交","NVDA","英伟达","+9,580.00","-17,590.35","USD","2024/08/05 21:37:09"
"股票买入费用","NVDA","英伟达","-2.04","-27,170.35","USD","2024/08/05 20:04:17"
"股票买入成交","NVDA","英伟达","-1,405.50","-27,168.31","USD","2024/08/05 20:04:04"
"股票卖出费用","AMZN","亚马逊","-2.12","-25,762.81","USD","2024/08/05 19:57:29"
"股票卖出成交","AMZN","亚马逊","+2,350.05","-25,760.69","USD","2024/08/05 19:57:15"
"股票买入费用","AMZN","亚马逊","-2.04","-28,110.74","USD","2024/08/05 19:41:18"
"股票买入成交","AMZN","亚马逊","-2,370.30","-28,108.70","USD","2024/08/05 19:41:07"
"股票买入费用","NVDA","英伟达","-2.29","-25,738.40","USD","2024/08/05 19:39:49"
"股票买入成交","NVDA","英伟达","-6,022.40","-25,736.11","USD","2024/08/05 19:39:37"
"股票买入成交","NVDA","英伟达","-3,387.60","-19,713.71","USD","2024/08/05 19:39:37"
"股票卖出费用","AMZN","亚马逊","-2.62","-16,326.11","USD","2024/08/05 19:00:19"
"股票卖出成交","AMZN","亚马逊","+8,710.20","-16,323.49","USD","2024/08/05 19:00:03"
"股票卖出成交","AMZN","亚马逊","+3,226.00","-25,033.69","USD","2024/08/05 19:00:03"
"股票卖出成交","AMZN","亚马逊","+483.90","-28,259.69","USD","2024/08/05 19:00:03"
"股票卖出成交","AMZN","亚马逊","+483.90","-28,743.59","USD","2024/08/05 19:00:03"
"股票买入费用","AMZN","亚马逊","-2.23","-29,227.49","USD","2024/08/05 18:26:41"
"股票买入成交","AMZN","亚马逊","-12,766.40","-29,225.26","USD","2024/08/05 18:26:28"
"股票卖出费用","PYPL","PayPal","-2.85","-16,458.86","USD","2024/08/05 18:10:49"
"股票卖出成交","PYPL","PayPal","+4,712.00","-16,456.01","USD","2024/08/05 18:10:37"
"股票卖出成交","PYPL","PayPal","+2,945.00","-21,168.01","USD","2024/08/05 18:10:37"
"股票卖出成交","PYPL","PayPal","+2,945.00","-24,113.01","USD","2024/08/05 18:10:37"
"股票买入费用","PYPL","PayPal","-2.53","-27,058.01","USD","2024/08/05 17:51:04"
"股票买入成交","PYPL","PayPal","-2,925.00","-27,055.48","USD","2024/08/05 17:50:49"
"股票买入成交","PYPL","PayPal","-7,605.00","-24,130.48","USD","2024/08/05 17:50:49"
"股票卖出费用","GOOG","谷歌-C","-2.60","-16,525.48","USD","2024/08/05 17:39:13"
"股票卖出成交","GOOG","谷歌-C","+12,788.80","-16,522.88","USD","2024/08/05 17:39:01"
"股票买入费用","GOOG","谷歌-C","-2.23","-29,311.68","USD","2024/08/05 17:10:31"
"股票买入成交","GOOG","谷歌-C","-4,953.80","-29,309.45","USD","2024/08/05 17:10:20"
"股票买入成交","GOOG","谷歌-C","-7,830.20","-24,355.65","USD","2024/08/05 17:10:20"
"股票卖出费用","NVDA","英伟达","-2.29","-16,525.45","USD","2024/08/05 16:09:41"
"股票卖出成交","NVDA","英伟达","+5,070.00","-16,523.16","USD","2024/08/05 16:09:26"
"股票卖出费用","NVDA","英伟达","-2.32","-21,593.16","USD","2024/08/05 16:08:35"
"股票卖出成交","NVDA","英伟达","+5,527.50","-21,590.84","USD","2024/08/05 16:08:23"
"股票买入费用","NVDA","英伟达","-2.36","-27,118.34","USD","2024/08/05 13:41:08"
"股票买入成交","NVDA","英伟达","-11,755.20","-27,115.98","USD","2024/08/05 13:40:53"
"股票卖出费用","01519","极兔速递-W","-99.76","4,798.19","HKD","2024/08/05 13:40:36"
"股票卖出成交","01519","极兔速递-W","+59,100.00","4,897.95","HKD","2024/08/05 13:40:22"
"股票买入费用","NVDA","英伟达","-2.05","-15,360.78","USD","2024/08/05 13:35:14"
"股票买入成交","NVDA","英伟达","-1,997.52","-15,358.73","USD","2024/08/05 13:34:58"
"股票买入费用","01519","极兔速递-W","-33.61","-54,202.05","HKD","2024/08/05 13:20:14"
"股票买入成交","01519","极兔速递-W","-11,960.00","-54,168.44","HKD","2024/08/05 13:20:02"
"股票买入费用","NVDA","英伟达","-2.17","-13,361.21","USD","2024/08/05 13:04:16"
"股票买入成交","NVDA","英伟达","-5,736.00","-13,359.04","USD","2024/08/05 13:04:00"
"股票买入费用","NVDA","英伟达","-2.14","-7,623.04","USD","2024/08/05 13:02:58"
"股票买入成交","NVDA","英伟达","-4,795.00","-7,620.90","USD","2024/08/05 13:02:42"
"股票买入费用","AVGO","博通","-2.02","-2,825.90","USD","2024/08/05 12:55:23"
"股票买入成交","AVGO","博通","-1,300.30","-2,823.88","USD","2024/08/05 12:55:11"
"股票买入费用","NVDA","英伟达","-2.29","-1,523.58","USD","2024/08/05 12:55:11"
"股票买入成交","NVDA","英伟达","-9,601.00","-1,521.29","USD","2024/08/05 12:54:55"
"股票买入费用","NVDA","英伟达","-2.07","8,079.71","USD","2024/08/05 12:46:15"
"股票买入成交","NVDA","英伟达","-2,413.75","8,081.78","USD","2024/08/05 12:46:02"
"股票买入费用","NVDA","英伟达","-2.06","10,495.53","USD","2024/08/05 12:45:00"
"股票买入成交","NVDA","英伟达","-2,030.28","10,497.59","USD","2024/08/05 12:44:49"
"股票买入成交","NVDA","英伟达","-386.72","12,527.87","USD","2024/08/05 12:44:49"
"股票买入费用","NVDA","英伟达","-2.20","12,914.59","USD","2024/08/05 12:17:47"
"股票买入成交","NVDA","英伟达","-6,790.70","12,916.79","USD","2024/08/05 12:17:35"
"股票买入费用","NVDA","英伟达","-2.04","19,707.49","USD","2024/08/05 12:13:09"
"股票买入成交","NVDA","英伟达","-1,461.75","19,709.53","USD","2024/08/05 12:12:53"
"股票买入费用","NVDA","英伟达","-2.04","21,171.28","USD","2024/08/05 11:55:44"
"股票买入成交","NVDA","英伟达","-1,464.00","21,173.32","USD","2024/08/05 11:55:32"
"股票买入费用","NVDA","英伟达","-2.05","22,637.32","USD","2024/08/05 11:43:37"
"股票买入成交","NVDA","英伟达","-1,960.20","22,639.37","USD","2024/08/05 11:43:20"
"股票买入费用","NVDA","英伟达","-2.02","24,599.57","USD","2024/08/05 11:42:15"
"股票买入成交","NVDA","英伟达","-982.80","24,601.59","USD","2024/08/05 11:42:03"
"股票买入费用","NVDA","英伟达","-2.02","25,584.39","USD","2024/08/05 11:40:28"
"股票买入成交","NVDA","英伟达","-985.00","25,586.41","USD","2024/08/05 11:40:18"
"股票买入费用","NVDA","英伟达","-2.02","26,571.41","USD","2024/08/05 11:38:09"
"股票买入成交","NVDA","英伟达","-988.00","26,573.43","USD","2024/08/05 11:37:59"
"资产迁移","--","--","+13.99","-42,208.44","HKD","2024/08/03 17:38:26"
"资产迁移","--","--","+1,865.01","27,561.43","USD","2024/08/03 12:53:45"
"资产迁移","--","--","+25,696.42","25,696.42","USD","2024/08/03 12:53:45"
"资产迁移","--","--","-17,141.59","-42,222.43","HKD","2024/08/03 12:53:45"
"资产迁移","--","--","-25,080.84","-25,080.84","HKD","2024/08/03 12:53:45"